Customer,recommendedProducts
CC20190310,6_27|1_27|4_0|0_28|2_27|6_8|5_27|1_26|7_20|3_4
CC201903100,4_0|6_8|1_27|4_17|5_5|3_5|0_28|1_11|1_0|7_11
CC201903101,1_27|2_17|0_28|2_27|2_26|5_27|4_14|1_26|5_22|5_7
CC201903102,1_27|2_20|5_9|0_28|3_5|4_14|2_26|3_15|5_27|1_26
CC201903103,4_0|3_5|5_11|7_11|1_27|5_5|5_8|7_18|0_12|3_14
CC201903106,1_27|0_28|2_27|0_20|5_27|1_26|0_15|0_5|6_1|6_7
CC201903107,1_27|0_28|2_27|0_20|5_27|1_26|4_27|5_9|7_20|1_21
CC201903108,1_27|2_17|0_28|5_27|0_20|4_25|1_26|5_7|5_22|3_5
CC201903109,6_27|1_27|4_0|0_28|0_20|2_26|5_27|6_17|1_26|5_7
CC20190311,6_27|1_27|0_20|2_10|0_28|7_18|2_2|5_27|6_25|0_5
CC201903113,1_27|2_17|0_28|2_27|2_26|2_20|5_27|0_20|1_26|6_17
CC201903114,6_27|2_17|1_27|2_20|0_28|6_8|2_26|5_27|5_9|1_26
CC201903122,1_21|6_8|6_6|1_27|7_20|4_14|5_7|1_11|0_28|3_1
CC201903125,1_27|0_28|2_27|5_27|6_17|1_26|4_27|5_22|0_5|4_17
CC201903126,1_27|4_0|0_28|0_20|2_27|2_26|5_27|3_5|1_26|5_22
CC201903128,2_17|1_27|2_20|0_28|5_27|3_4|2_10|1_26|5_11|3_15
CC201903129,4_0|2_10|2_20|4_19|6_18|7_7|1_27|2_4|3_12|3_9
CC20190313,6_27|1_27|2_17|0_28|2_27|5_27|6_17|1_26|5_7|4_27
CC201903130,1_27|3_5|2_10|5_7|0_28|1_0|1_11|7_11|2_26|1_23
CC201903132,1_27|0_28|2_27|2_29|5_27|1_26|4_26|5_5|5_9|6_7
CC201903134,1_27|0_28|2_29|5_27|1_26|5_22|5_5|6_1|3_1|6_9
CC201903135,4_0|0_15|1_27|6_8|4_17|0_28|3_4|7_20|6_17|3_1
CC201903136,1_27|4_17|2_10|3_15|0_28|7_11|2_27|5_3|2_26|3_1
CC201903137,1_27|2_17|0_28|2_26|5_27|4_14|6_8|6_17|1_26|4_27
CC201903139,2_20|1_27|1_21|0_28|4_14|2_26|6_17|5_27|5_11|4_25
CC20190314,1_27|0_28|5_9|5_7|5_27|3_4|5_11|1_26|4_26|3_1
CC201903140,1_27|0_28|2_29|5_27|0_15|1_26|4_26|7_20|1_21|6_7
CC201903142,6_27|2_17|1_27|2_20|0_28|5_9|4_14|2_29|6_17|5_27
CC201903147,0_15|1_27|5_7|0_28|5_5|3_4|2_26|2_2|5_27|1_11
CC201903148,6_27|1_27|0_28|2_29|7_24|6_17|5_27|1_21|1_26|1_23
CC201903149,1_27|0_28|4_0|5_27|4_14|4_25|1_26|4_26|4_27|0_5
CC20190315,6_27|1_27|0_28|2_27|2_20|2_29|5_27|1_26|6_8|0_5
CC201903150,1_21|4_0|1_14|7_11|3_15|3_2|1_0|1_19|5_7|7_7
CC201903151,2_17|1_27|0_15|0_20|0_28|2_27|3_5|5_7|6_17|7_20
CC201903152,1_27|2_17|0_28|4_14|5_27|6_8|4_25|1_26|3_5|1_21
CC201903153,1_27|0_28|2_29|5_27|4_25|1_26|3_5|0_15|6_9|3_1
CC201903155,6_27|7_24|1_11|5_12|1_27|6_18|2_0|5_7|5_3|6_17
CC20190316,6_27|1_27|0_15|5_9|1_21|0_28|7_24|5_7|2_26|2_29
CC201903163,2_17|1_27|4_17|0_28|3_4|6_18|2_0|5_27|1_11|1_26
CC201903164,0_15|5_9|1_27|3_5|3_15|4_17|1_14|1_0|1_11|6_17
CC201903165,1_27|4_0|0_28|2_27|5_27|3_5|1_26|3_4|6_7|4_29
CC201903166,1_27|0_28|6_8|0_15|5_27|7_20|1_26|0_5|3_1|6_18
CC201903168,6_27|1_27|0_28|2_20|2_26|5_27|6_8|1_26|4_26|4_29
CC201903170,2_20|7_18|2_12|3_4|4_18|3_1|4_14|3_9|5_18|1_27
CC201903171,1_27|0_28|2_20|5_27|4_14|1_26|4_25|6_17|5_7|7_24
CC201903172,6_27|4_0|0_15|1_27|3_15|0_28|4_14|1_23|2_26|3_9
CC201903174,1_27|1_21|5_9|0_28|5_5|2_27|4_17|2_26|5_11|3_15
CC201903177,1_27|0_20|0_28|5_9|5_27|3_4|6_18|1_26|3_9|0_5
CC201903178,1_27|0_28|2_27|5_27|1_26|7_24|4_26|5_22|6_18|3_0
CC201903182,1_27|0_28|4_0|0_20|2_26|2_29|5_27|1_26|4_25|5_22
CC201903183,5_9|6_8|1_27|7_11|3_9|5_5|0_28|3_7|5_18|0_7
CC201903184,3_2|7_20|3_24|1_19|3_8|4_14|6_17|1_27|7_12|1_22
CC201903186,2_17|1_27|2_10|5_7|2_2|0_28|4_14|7_11|2_26|7_18
CC201903188,0_15|5_8|6_8|2_20|3_15|7_18|6_18|1_27|4_18|2_4
CC201903191,2_17|1_27|0_28|5_27|6_8|1_26|5_7|4_26|5_22|5_5
CC201903193,2_20|1_27|3_5|7_24|3_4|5_5|1_14|0_28|7_20|6_18
CC201903194,1_27|0_28|2_26|5_27|1_26|6_17|4_26|4_27|5_7|5_22
CC201903195,1_27|0_28|5_27|6_8|1_26|4_26|5_5|5_22|3_4|4_17
CC201903197,6_27|2_17|1_27|4_0|0_28|2_27|4_14|5_27|6_17|7_24
CC201903199,6_27|1_27|2_20|0_28|2_26|5_27|5_7|7_24|1_26|5_5
CC2019032,6_27|1_27|0_28|2_20|2_17|2_29|5_27|4_0|4_14|1_26
CC20190320,1_27|0_28|5_27|6_8|1_26|4_25|5_22|3_0|6_25|4_29
CC201903200,6_27|4_0|1_27|2_20|0_20|0_28|5_7|4_17|2_26|5_5
CC201903201,2_17|4_0|1_27|0_20|1_14|5_11|7_24|2_2|2_0|7_11
CC201903205,1_27|0_28|2_27|2_20|5_27|0_20|1_26|4_25|5_22|5_7
CC201903206,1_27|0_28|2_26|5_27|1_26|4_25|3_5|7_24|0_15|4_26
CC201903207,1_27|2_17|0_28|2_27|0_20|5_27|1_26|7_20|6_18|6_9
CC201903208,1_27|2_17|0_28|2_20|0_20|2_29|5_27|1_26|4_26|7_24
CC201903209,2_17|1_27|0_28|4_14|5_27|6_17|5_7|5_9|1_26|5_5
CC20190321,1_14|2_2|7_11|6_8|3_24|2_0|2_24|7_7|4_3|3_7
CC201903212,6_6|6_8|2_10|1_27|5_12|7_24|5_8|1_0|4_14|2_24
CC201903213,2_17|1_27|4_0|0_28|4_14|5_27|1_26|5_7|7_24|4_26
CC201903214,6_27|1_27|2_20|0_28|4_14|5_27|5_7|4_25|5_5|1_26
CC201903215,1_27|0_20|3_5|5_7|4_14|7_24|0_28|1_11|3_7|5_27
CC201903218,1_27|2_17|0_28|2_20|5_27|6_17|6_8|1_26|4_26|5_7
CC201903219,6_27|1_27|1_21|0_28|5_7|2_10|6_18|2_2|2_0|5_27
CC20190322,1_27|4_0|0_28|2_26|5_27|6_8|1_26|5_22|0_5|3_4
CC201903220,4_0|2_20|6_6|0_20|1_27|3_5|3_15|2_10|4_14|6_18
CC201903224,1_27|0_28|2_27|5_27|1_26|6_17|5_7|7_24|6_1|4_29
CC201903226,2_20|5_9|1_27|0_28|2_10|3_4|2_2|1_11|6_18|2_0
CC201903227,2_17|1_27|2_20|0_28|5_27|0_15|4_25|1_26|5_5|5_7
CC201903228,1_27|0_28|2_27|5_27|4_14|4_25|1_26|4_26|5_5|3_9
CC201903229,1_27|0_28|2_26|2_29|5_27|0_20|1_26|5_7|4_26|5_22
CC201903230,6_27|2_10|2_2|7_24|3_15|1_27|7_18|0_12|0_28|3_7
CC201903232,1_27|2_20|0_28|6_8|4_14|5_27|3_5|4_17|1_26|5_5
CC201903234,1_27|0_28|4_0|2_20|2_26|5_27|4_14|1_26|4_26|6_8
CC201903235,1_27|0_20|0_28|3_5|5_5|6_17|5_27|2_10|1_26|5_19
CC201903236,5_9|3_14|1_0|7_20|0_20|2_24|7_24|5_3|3_7|5_19
CC201903238,1_27|4_0|0_28|2_20|0_20|2_26|5_27|0_15|1_26|1_21
CC201903239,1_27|0_28|4_14|2_26|5_27|5_7|1_26|6_17|7_24|0_15
CC20190324,4_0|1_27|3_5|2_2|3_15|1_14|0_28|5_8|6_17|6_25
CC201903240,1_27|0_28|5_27|1_26|7_24|0_5|1_21|3_9|6_18|6_25
CC201903241,5_9|2_20|0_20|1_27|0_12|5_12|0_28|6_25|5_3|0_8
CC201903242,6_27|1_27|0_28|4_0|2_20|2_29|4_14|5_27|1_26|6_17
CC201903243,2_17|0_15|1_21|5_9|0_20|5_5|1_27|6_18|4_14|5_3
CC201903245,1_27|0_15|6_6|0_28|5_7|3_15|2_29|5_27|4_25|1_26
CC201903249,1_27|2_17|0_28|2_20|5_27|1_26|4_25|5_22|4_27|0_5
CC201903250,6_27|6_6|2_10|2_20|1_27|5_5|5_12|1_19|4_19|6_18
CC201903251,1_27|0_28|2_26|4_14|5_27|1_26|4_17|3_4|3_1|1_23
CC201903252,4_0|2_20|7_20|1_27|7_11|1_0|2_0|6_17|4_14|1_23
CC201903253,1_27|2_20|0_28|0_15|5_5|6_17|5_27|7_20|3_15|4_25
CC201903254,6_27|1_27|4_0|0_28|6_8|5_27|4_25|1_26|7_24|3_5
CC201903255,6_27|1_27|4_0|0_28|5_9|5_27|1_21|7_24|1_26|5_11
CC20190326,1_27|4_0|0_28|0_20|5_27|1_26|4_25|7_24|5_22|0_5
CC201903261,6_6|5_12|1_0|5_5|1_27|6_25|0_28|2_27|3_1|5_19
CC201903263,1_27|2_17|4_0|0_28|2_27|5_27|6_8|5_7|4_25|3_5
CC201903264,1_27|1_21|0_28|2_26|5_27|4_25|1_26|5_22|5_17|4_10
CC201903265,2_17|2_10|3_15|3_5|3_14|7_18|5_5|7_20|1_23|1_27
CC201903268,6_27|1_27|0_28|5_27|1_26|6_17|6_8|5_22|6_1|3_0
CC201903269,1_27|0_28|0_15|2_27|2_29|3_5|5_7|5_27|4_17|7_20
CC20190327,6_6|7_24|0_20|2_2|1_27|1_0|5_8|0_28|0_12|1_19
CC201903270,6_27|1_27|0_28|2_20|5_27|1_26|4_25|4_26|5_22|7_24
CC201903272,1_21|0_15|6_6|1_14|0_20|7_11|1_27|0_12|2_12|6_17
CC201903273,6_27|1_27|0_28|5_27|1_26|6_17|4_26|4_27|5_22|4_17
CC201903274,1_27|2_17|0_28|5_27|1_26|4_26|5_7|5_22|0_15|3_4
CC201903276,6_27|2_17|1_27|0_28|5_7|6_17|5_27|2_10|1_26|1_0
CC201903277,6_27|1_27|2_20|0_28|5_27|7_20|4_25|1_26|4_26|2_10
CC201903279,1_27|2_17|0_28|2_27|0_20|2_29|5_27|4_14|1_26|4_25
CC201903280,1_27|2_17|0_28|4_0|2_26|2_29|5_27|4_25|1_26|4_27
CC201903283,1_27|2_17|0_28|2_20|0_20|2_26|4_14|5_27|4_25|1_26
CC201903284,1_27|6_8|0_20|0_28|2_27|7_18|3_1|6_25|5_27|5_3
CC201903287,1_27|0_28|0_15|5_27|5_7|6_17|4_17|1_26|3_4|4_27
CC201903288,6_8|6_27|3_2|1_0|7_24|7_7|1_23|3_7|6_25|1_27
CC201903291,1_21|1_27|4_14|0_28|1_14|3_15|1_0|3_1|2_26|5_3
CC201903295,1_27|0_28|5_7|5_27|4_25|5_11|1_26|2_2|1_22|2_18
CC201903297,2_20|1_11|1_27|5_11|5_8|3_14|3_9|0_28|3_2|5_27
CC201903298,6_27|4_17|1_27|3_15|5_8|7_18|5_12|2_0|0_28|2_27
CC201903299,1_27|0_28|0_20|2_29|5_27|6_8|6_17|1_26|3_5|5_22
CC2019033,6_27|2_20|1_27|2_10|2_2|0_28|1_11|7_24|6_18|2_27
CC20190331,1_21|5_9|5_12|2_2|2_20|5_11|6_27|2_4|5_5|4_14
CC20190332,1_27|4_0|0_28|6_17|5_27|0_15|5_5|7_24|1_21|1_26
CC20190334,1_27|0_20|0_28|6_8|5_27|4_17|5_7|3_4|1_26|6_18
CC20190335,2_17|1_27|3_5|5_11|0_28|6_17|1_23|3_9|7_11|4_19
CC20190336,4_0|1_21|1_27|7_24|0_28|7_20|2_27|2_26|7_11|3_1
CC20190337,0_15|5_9|4_0|2_17|3_19|5_19|6_3|1_27|0_9|6_1
CC20190338,6_27|1_27|0_28|4_0|2_26|5_27|1_26|4_25|4_26|5_22
CC20190339,1_27|0_28|2_20|0_20|5_27|6_17|5_7|1_26|4_26|0_5
CC20190341,1_27|0_28|2_27|0_15|2_29|5_27|6_17|5_9|3_5|1_26
CC20190342,1_27|2_17|0_28|2_20|2_26|6_8|5_27|6_17|1_26|0_15
CC20190343,1_27|0_28|2_26|4_14|2_29|5_27|6_17|1_26|4_25|3_9
CC20190344,4_0|2_20|2_10|6_8|2_0|6_18|1_27|4_3|4_14|6_25
CC20190346,4_0|6_27|5_12|4_19|3_14|0_12|1_27|4_14|2_24|1_19
CC20190347,1_27|2_17|0_28|2_27|4_0|2_20|2_26|5_27|0_20|1_26
CC20190349,1_27|2_20|0_28|5_5|2_29|5_27|5_19|1_26|2_2|5_3
CC2019035,5_9|2_10|3_5|5_11|7_24|6_18|1_27|4_14|3_9|1_19
CC20190350,1_11|5_7|5_3|1_27|5_19|5_14|2_14|7_16|6_7|0_28
CC20190351,2_17|4_0|1_27|0_28|0_15|6_8|2_29|5_27|6_17|5_11
CC20190352,1_27|2_17|4_0|0_28|4_14|5_27|1_26|5_22|3_5|3_4
CC20190353,6_27|1_27|0_28|6_8|5_27|6_17|1_26|0_15|5_5|3_0
CC20190354,1_27|2_17|0_28|4_0|2_26|5_27|4_14|1_26|4_25|6_8
CC20190355,2_17|1_27|0_28|0_20|0_15|4_14|2_26|5_9|1_21|5_27
CC20190358,1_27|2_17|0_28|2_29|5_27|4_14|1_26|6_8|4_27|5_22
CC20190360,1_27|2_20|1_21|6_8|5_7|3_5|4_14|0_28|5_27|7_11
CC20190361,2_2|3_15|5_5|7_11|1_27|4_19|6_17|7_7|3_12|3_1
CC20190362,1_27|2_17|4_0|0_28|2_20|0_20|5_27|6_8|1_26|6_17
CC20190363,6_6|2_17|6_8|7_11|5_5|4_19|3_14|1_23|1_27|0_28
CC20190366,4_19|7_18|4_17|3_12|0_8|3_9|5_18|0_3|5_19|4_14
CC20190368,2_17|1_27|2_20|1_21|0_28|2_26|4_17|5_5|7_24|5_27
CC20190369,1_27|0_20|5_5|0_28|2_27|1_23|7_18|5_27|5_8|3_2
CC20190370,6_27|4_0|1_27|6_8|0_28|5_7|7_20|5_27|2_10|7_24
CC20190371,1_27|2_17|2_20|0_28|2_29|4_14|5_27|5_7|6_17|0_15
CC20190372,1_27|0_28|2_27|2_29|5_27|6_8|1_26|4_27|5_22|7_20
CC20190373,1_27|4_0|0_28|2_26|2_29|5_27|4_14|6_8|1_26|6_17
CC20190376,1_27|0_28|4_14|4_17|2_10|5_27|6_18|3_9|1_23|3_4
CC20190377,6_27|1_27|0_28|2_17|2_29|2_20|2_26|5_27|0_20|4_14
CC20190378,1_21|1_27|0_28|4_14|7_24|2_2|3_4|5_5|1_23|5_27
CC20190379,1_27|0_15|0_28|4_17|5_11|7_24|2_29|5_27|2_2|6_25
CC2019038,1_27|0_28|2_27|5_27|1_26|5_9|5_5|4_17|7_20|1_21
CC20190380,1_27|0_28|2_26|5_27|6_17|1_26|4_26|0_5|3_1|5_11
CC20190381,4_0|0_15|5_9|1_27|3_4|0_28|2_27|7_11|3_9|5_12
CC20190383,6_27|1_27|2_17|0_28|2_20|2_29|5_27|1_26|6_17|3_5
CC20190385,1_27|2_20|0_28|2_27|5_27|6_8|1_26|4_17|6_1|3_9
CC20190386,6_27|1_27|2_17|0_28|4_0|2_29|4_14|5_27|1_26|4_25
CC20190389,0_15|1_27|6_6|3_5|7_24|0_28|6_17|2_2|1_0|2_26
CC2019039,6_27|1_27|0_28|4_14|2_26|2_29|5_27|6_17|1_26|4_17
CC20190393,6_27|1_27|4_0|0_28|2_27|5_27|1_26|4_26|3_5|6_25
CC20190394,1_27|0_28|2_27|2_29|5_27|6_8|1_26|0_15|6_9|3_0
CC20190395,1_27|0_28|4_0|0_20|2_26|5_27|4_14|1_26|4_25|6_17
CC20190397,1_11|7_18|5_11|2_12|4_3|1_27|7_5|3_8|3_18|2_14
CC20190398,1_27|4_0|0_28|6_8|2_26|5_27|0_15|3_5|1_26|0_5
CC20190399,0_15|3_5|1_27|2_10|1_14|0_28|0_12|5_18|5_27|2_4
CC20190410,6_27|1_27|2_17|4_0|0_28|2_29|0_20|5_27|1_26|6_8
CC201904100,6_27|1_27|0_28|2_29|5_27|4_0|2_20|0_20|4_14|1_26
CC201904102,2_17|6_27|1_14|5_8|3_4|1_27|5_7|7_18|7_7|3_1
CC201904103,6_27|1_27|2_20|0_28|2_27|0_20|6_8|5_7|2_29|5_27
CC201904105,6_27|6_8|5_8|5_12|1_0|3_4|3_14|1_27|5_7|1_23
CC201904108,6_27|1_27|0_28|2_26|7_24|4_14|2_29|0_15|3_5|5_27
CC20190411,6_27|1_27|0_28|2_27|2_26|2_29|5_27|1_21|5_5|4_17
CC201904113,6_27|2_20|1_27|0_28|2_27|4_17|7_24|3_4|2_29|5_27
CC201904116,2_17|6_27|5_12|7_11|3_14|1_19|7_7|5_7|1_27|4_3
CC20190412,2_3|7_7|3_5|3_12|7_24|2_23|1_9|6_27|0_3|2_21
CC201904121,6_27|1_27|6_8|3_5|0_28|3_9|2_0|2_29|5_27|5_8
CC201904122,6_27|1_27|0_28|2_27|0_20|4_14|2_29|5_27|1_26|4_27
CC201904125,6_27|1_27|0_28|2_27|4_0|2_29|5_27|4_25|6_17|1_26
CC201904126,6_27|0_15|4_17|5_5|1_27|3_5|7_24|6_18|1_19|4_19
CC201904127,6_6|6_27|4_17|2_10|3_15|5_8|1_0|5_5|6_18|1_23
CC201904129,6_27|1_27|7_20|1_11|5_5|5_7|0_28|6_18|5_19|2_29
CC201904130,6_27|1_27|0_28|0_20|2_26|2_29|5_27|0_15|1_26|5_9
CC201904131,1_0|2_12|3_5|6_27|7_18|2_4|3_12|3_1|4_24|5_14
CC201904132,6_27|1_27|2_17|0_28|6_8|2_29|5_27|1_26|5_5|5_22
CC201904135,6_27|1_27|0_28|4_0|2_29|0_20|4_14|5_27|1_26|4_25
CC201904138,6_27|2_17|1_27|0_28|2_27|0_15|6_8|5_9|2_29|5_27
CC20190414,6_27|4_0|1_21|0_15|1_27|3_5|5_5|0_28|3_4|5_7
CC201904142,6_27|2_17|1_27|0_28|0_20|0_15|2_29|1_21|5_27|4_17
CC201904143,6_27|4_0|1_27|0_28|2_29|5_27|6_18|7_11|1_26|4_26
CC201904144,6_27|1_27|4_0|2_20|0_28|0_15|6_8|2_29|3_4|5_27
CC201904145,6_27|1_27|2_20|0_28|0_15|4_14|2_29|5_27|4_25|5_5
CC201904146,6_27|2_17|1_27|0_28|2_26|2_29|5_27|3_9|4_17|1_26
CC201904148,1_21|6_27|4_17|1_14|1_27|5_7|5_11|2_0|3_2|0_28
CC20190415,6_27|1_27|0_28|2_29|5_27|1_26|7_24|4_25|7_20|3_4
CC201904150,6_27|1_27|0_28|2_26|2_29|5_27|1_26|0_5|1_21|3_9
CC201904153,6_27|2_20|1_27|0_20|3_15|5_11|7_24|0_28|2_27|3_1
CC201904156,6_27|1_27|0_28|2_27|2_26|2_29|5_27|1_26|5_7|0_5
CC201904158,6_27|1_27|0_28|2_27|4_0|2_26|2_29|5_27|4_25|1_26
CC20190416,6_27|1_27|0_28|2_27|4_0|2_29|2_20|5_27|1_26|6_17
CC201904160,6_27|1_27|0_28|2_29|5_27|6_8|4_25|1_26|5_7|5_22
CC201904161,6_27|1_27|2_20|0_28|2_27|2_29|6_17|5_27|3_4|5_11
CC201904162,6_27|2_17|1_27|0_28|1_21|2_26|2_29|3_5|5_27|4_25
CC201904164,6_27|1_27|2_17|0_28|2_27|2_29|5_27|1_26|6_8|4_27
CC201904165,6_27|1_27|0_28|2_26|6_17|2_29|5_27|6_25|7_18|1_0
CC201904167,6_27|1_27|0_28|0_20|2_29|5_27|4_14|6_8|6_17|1_26
CC201904168,6_27|2_17|1_27|6_8|0_28|2_27|7_20|5_7|2_29|3_15
CC201904169,6_27|1_27|0_28|0_20|5_7|2_29|5_27|7_24|3_5|1_26
CC201904170,6_27|1_27|0_28|0_20|2_29|5_27|1_26|7_20|4_17|5_11
CC201904171,5_5|6_27|3_1|4_23|0_17|1_6|7_16|2_16|1_13|1_27
CC201904175,6_27|1_27|0_28|2_29|5_27|1_26|4_26|0_5|7_20|2_10
CC20190418,6_27|1_27|0_28|2_27|2_29|5_27|6_17|0_15|1_26|5_5
CC201904180,0_15|6_27|6_6|2_2|1_11|7_11|1_27|2_24|6_17|0_28
CC201904181,6_27|1_27|0_28|2_20|2_29|5_27|4_25|1_26|5_7|6_17
CC201904182,6_27|4_0|1_27|2_20|0_28|0_20|2_29|7_24|5_27|3_4
CC201904183,6_27|1_27|0_28|2_27|0_15|1_21|4_14|2_29|7_24|5_7
CC201904185,6_27|1_27|0_28|6_8|2_26|2_29|5_27|3_9|1_26|3_15
CC201904187,6_27|4_19|2_20|7_24|2_24|1_27|0_8|3_1|3_18|0_28
CC201904189,6_27|1_27|2_17|0_28|2_29|5_27|6_8|1_26|7_24|0_5
CC20190419,6_27|0_15|2_20|1_27|2_10|6_8|0_28|7_18|6_18|3_9
CC201904191,6_27|2_17|1_27|0_28|2_27|2_26|4_17|2_29|5_27|2_10
CC201904192,6_27|5_9|1_21|1_27|4_17|5_7|7_18|1_11|0_28|1_0
CC201904194,2_17|6_27|0_20|2_0|7_24|1_19|1_27|4_18|4_24|2_27
CC201904195,6_27|1_21|2_2|1_11|1_27|7_24|7_18|3_7|0_12|0_28
CC201904196,6_27|6_8|1_27|5_9|0_28|7_20|2_27|6_17|5_7|3_1
CC201904198,6_27|1_27|0_28|2_26|2_29|5_27|4_14|1_26|5_22|4_27
CC201904199,6_27|2_17|1_27|2_20|0_28|4_14|2_29|5_7|5_27|5_9
CC2019042,4_19|7_18|3_2|2_24|0_20|6_27|5_3|3_18|6_25|3_9
CC20190420,6_27|1_27|2_17|0_28|2_20|2_29|5_27|1_26|5_7|3_4
CC201904200,3_2|6_27|3_5|4_24|3_9|1_27|7_16|6_1|0_28|6_4
CC201904201,6_27|1_27|0_20|6_8|0_15|0_28|5_5|2_26|6_6|2_29
CC201904202,6_27|1_27|0_28|2_27|2_29|5_27|6_17|6_8|1_26|7_20
CC201904204,6_27|2_17|4_0|1_27|0_28|5_5|7_24|2_29|5_27|3_4
CC201904206,6_27|0_15|1_27|7_24|0_28|2_27|6_17|2_0|2_29|5_27
CC201904207,6_27|3_24|2_24|3_5|5_3|2_3|1_27|6_22|2_23|7_16
CC201904209,6_27|6_8|1_27|0_20|3_15|5_7|5_11|0_28|3_9|2_0
CC201904210,6_27|1_27|0_28|0_20|2_29|5_27|1_26|3_9|2_2|5_19
CC201904211,6_27|1_27|0_20|6_8|0_28|5_5|6_17|7_24|2_29|5_27
CC201904212,6_27|1_27|2_20|0_28|2_27|4_14|1_21|2_29|5_27|1_23
CC201904213,6_27|5_9|6_6|2_2|1_27|7_20|3_15|7_24|6_18|3_1
CC201904216,2_2|6_27|3_14|7_18|7_20|6_18|7_24|1_23|3_12|0_8
CC201904217,6_27|1_27|2_17|0_28|2_29|5_27|6_17|1_26|3_5|4_26
CC201904218,6_27|1_27|0_28|4_14|2_29|5_27|4_25|1_26|0_5|7_20
CC201904219,6_27|1_27|0_28|0_15|4_14|2_26|2_29|5_27|4_17|1_26
CC201904221,6_27|1_27|0_28|6_8|0_15|2_29|6_17|5_27|5_5|4_25
CC201904222,6_27|2_17|0_15|5_9|1_27|0_28|5_11|7_11|1_11|2_29
CC201904224,6_27|1_27|0_28|2_27|2_29|5_27|0_15|1_26|7_24|5_22
CC201904225,6_27|1_27|4_0|0_28|2_27|2_26|2_29|5_27|3_5|1_26
CC201904226,2_17|6_27|2_10|1_27|5_11|7_18|7_11|3_14|0_28|3_7
CC201904227,6_27|1_27|2_17|4_0|0_28|2_26|2_29|0_20|5_27|4_25
CC201904229,6_27|5_9|4_17|1_27|1_11|5_12|5_7|4_14|0_28|3_14
CC20190423,6_27|2_17|4_0|1_27|0_28|7_24|3_9|2_29|3_1|2_0
CC201904231,6_27|4_0|3_5|1_27|1_23|0_28|5_8|1_0|2_26|3_7
CC201904233,2_17|6_27|1_27|0_20|4_17|1_11|0_28|0_12|7_7|2_29
CC201904234,6_27|1_27|2_17|0_28|2_27|2_26|2_29|5_27|2_20|4_14
CC201904237,6_27|4_0|4_17|1_27|3_4|1_14|5_5|4_19|0_28|2_27
CC201904239,6_27|0_15|1_21|5_9|1_27|6_8|0_28|2_27|2_29|5_27
CC201904240,6_27|1_27|2_17|0_28|2_27|2_29|5_27|0_20|4_25|1_26
CC201904241,6_27|1_27|6_17|0_28|5_5|6_18|3_1|2_29|5_27|6_25
CC201904242,6_27|1_27|0_28|2_26|2_29|5_27|4_14|4_25|1_26|6_8
CC201904243,6_27|1_27|2_17|0_28|4_0|2_27|2_29|5_27|4_25|1_26
CC201904244,2_10|3_14|2_20|4_17|0_12|6_27|2_3|5_7|5_2|0_7
CC201904245,6_27|1_27|2_17|0_28|0_20|2_26|2_29|5_27|4_25|1_26
CC201904249,6_27|2_20|1_27|0_20|3_5|5_5|0_28|1_11|2_27|6_17
CC20190425,6_27|1_27|0_28|2_27|2_29|5_27|4_14|1_26|5_7|4_27
CC201904251,0_15|6_27|2_20|2_2|3_5|1_11|1_27|1_0|5_11|4_19
CC201904252,6_27|4_0|1_21|1_27|6_8|6_6|4_14|7_20|2_2|0_28
CC201904254,6_27|1_27|2_20|0_15|0_28|5_5|2_29|5_11|5_27|3_9
CC201904255,6_27|0_15|2_20|1_27|2_10|5_11|0_28|1_23|2_27|4_19
CC201904256,6_27|1_27|4_0|0_28|2_27|2_29|5_27|6_8|1_26|4_27
CC201904258,6_27|6_6|2_2|1_27|3_4|1_23|0_12|0_28|3_7|2_27
CC201904259,5_9|1_14|6_27|6_8|1_0|5_5|7_20|2_0|3_9|2_12
CC20190426,6_27|1_27|2_20|0_28|0_20|2_29|5_27|0_15|6_17|1_26
CC201904260,6_27|5_9|6_6|1_27|7_20|5_11|5_5|3_4|0_28|1_14
CC201904261,4_0|6_27|1_27|3_1|3_7|5_3|1_19|6_25|0_28|5_18
CC201904262,2_17|1_11|5_8|4_19|2_10|3_15|7_11|6_27|2_20|3_5
CC201904263,6_27|2_17|1_27|0_28|2_29|5_27|5_7|1_26|4_26|4_27
CC201904264,6_27|1_27|0_15|6_8|0_28|4_17|4_14|2_26|5_11|6_6
CC201904265,6_27|1_27|0_28|6_8|2_29|3_5|5_27|3_1|1_26|1_23
CC201904266,6_27|2_17|1_27|0_28|2_20|6_8|2_29|5_27|4_25|1_26
CC20190427,6_27|1_27|0_28|4_0|2_27|2_20|2_29|5_27|1_26|6_8
CC201904270,6_27|1_27|2_17|2_20|0_28|0_20|2_29|5_27|4_14|1_26
CC201904271,6_27|1_27|4_0|0_28|2_29|5_27|1_26|7_24|3_5|0_5
CC201904272,6_27|1_27|0_28|2_27|2_29|5_27|1_26|4_14|4_26|6_8
CC201904275,6_27|1_27|2_17|0_28|2_26|2_29|5_27|1_26|4_26|5_5
CC201904276,6_27|1_27|3_5|7_24|3_4|4_14|0_28|6_18|3_14|0_12
CC201904277,6_27|5_9|6_6|1_27|5_5|7_20|1_23|0_28|6_17|2_0
CC20190428,6_27|4_0|1_21|1_27|4_17|2_10|0_28|7_11|2_27|1_23
CC201904280,6_27|1_27|4_0|0_28|2_27|2_26|2_29|5_27|6_8|1_26
CC201904283,6_27|1_27|0_28|2_27|2_29|5_27|4_14|4_25|1_26|5_22
CC201904284,6_27|1_27|0_28|2_29|0_20|5_27|4_25|1_26|6_17|5_22
CC201904285,6_27|1_27|0_28|2_27|2_26|2_29|5_27|1_26|4_26|6_8
CC201904289,6_27|1_27|0_28|0_20|2_29|5_27|1_26|4_27|3_5|4_17
CC201904290,6_27|1_27|0_28|4_0|2_29|5_27|1_26|4_26|4_27|5_7
CC201904292,6_27|1_27|2_17|0_28|2_27|2_29|5_27|1_26|4_25|6_8
CC201904294,6_27|1_27|4_0|0_28|0_20|2_29|2_26|5_27|6_17|1_26
CC201904295,6_27|1_27|0_28|2_26|2_29|5_27|1_26|4_25|4_26|0_5
CC201904296,0_15|2_2|6_27|2_10|5_11|1_23|2_12|3_7|1_27|7_7
CC201904297,6_27|2_17|1_27|0_28|2_29|3_5|5_27|7_20|6_18|1_26
CC201904299,6_27|1_27|0_28|2_27|0_20|2_29|5_27|4_25|0_15|1_26
CC2019043,6_27|1_27|0_28|2_29|5_27|1_26|4_26|5_22|5_5|3_9
CC20190430,6_27|0_20|7_18|1_27|7_20|7_11|3_14|6_17|0_28|2_24
CC201904300,6_27|1_27|6_6|7_20|4_17|7_24|2_27|0_28|1_11|6_17
CC20190431,6_27|1_27|0_28|2_20|2_29|5_27|4_25|6_8|1_26|4_26
CC20190433,6_27|1_27|0_28|2_27|2_29|5_27|1_26|7_24|4_17|6_25
CC20190434,6_27|2_17|1_27|0_28|6_8|2_29|5_27|5_5|5_9|5_7
CC20190435,6_27|4_0|1_27|5_11|5_5|0_28|2_2|5_19|2_29|5_27
CC20190436,6_27|1_27|2_17|0_28|2_20|4_0|2_29|5_27|4_14|0_20
CC20190437,6_27|4_0|1_27|3_15|1_0|0_28|2_2|2_29|5_27|1_26
CC20190439,6_27|1_27|2_17|0_28|2_20|2_29|5_27|1_26|0_15|7_20
CC2019044,6_27|1_27|0_28|0_20|2_29|5_27|4_14|6_8|4_25|5_7
CC20190440,6_27|1_27|0_15|0_20|0_28|4_14|3_4|2_29|5_5|5_27
CC20190441,6_27|1_27|2_17|0_28|4_0|2_29|5_27|0_20|1_26|4_27
CC20190442,6_27|1_27|3_5|6_6|0_28|7_24|1_23|3_9|2_29|5_27
CC20190444,6_27|2_17|1_27|2_20|0_28|4_14|2_29|6_17|5_27|1_26
CC20190445,6_27|1_27|0_28|2_26|2_29|5_27|6_17|1_26|4_27|5_22
CC20190446,6_27|1_27|2_20|0_28|0_20|0_15|2_29|5_27|3_5|4_17
CC20190448,6_27|1_11|2_2|3_14|5_5|3_2|1_27|4_14|3_12|0_8
CC20190449,6_27|2_17|1_27|4_0|2_20|0_28|6_8|0_15|2_29|5_27
CC2019045,6_27|2_17|1_27|4_0|0_28|2_26|2_29|5_27|6_17|5_7
CC20190450,2_17|6_27|1_21|2_20|1_27|7_18|1_14|7_11|5_7|2_0
CC20190451,5_8|6_27|2_4|1_23|0_20|3_8|4_14|3_19|7_5|1_7
CC20190453,0_15|6_27|7_24|1_27|5_3|6_18|1_19|0_28|2_27|4_3
CC20190454,6_27|1_27|0_28|0_20|2_29|5_27|4_25|1_26|5_9|5_22
CC20190456,6_27|2_17|0_15|1_27|2_20|5_9|0_28|5_5|2_26|2_2
CC20190458,1_21|0_15|4_0|6_27|1_14|4_17|1_11|3_5|2_0|7_11
CC20190459,6_27|4_0|5_9|2_20|1_27|0_20|4_17|2_2|7_20|0_28
CC20190460,6_27|2_2|1_11|3_5|5_12|1_0|7_24|3_4|1_27|7_7
CC20190462,6_27|1_27|0_28|6_8|0_15|2_29|5_27|5_7|4_25|7_24
CC20190463,3_2|6_27|2_20|7_20|5_5|2_4|4_18|4_6|5_18|1_27
CC20190464,6_27|1_27|0_28|6_8|2_29|4_14|5_27|4_25|5_7|1_26
CC20190465,6_27|1_27|4_0|0_28|6_8|2_26|5_7|2_29|5_27|1_26
CC20190466,2_17|6_27|0_12|5_11|5_5|0_20|2_12|1_23|5_7|7_7
CC20190468,6_27|1_27|2_17|0_28|2_20|2_29|2_26|5_27|1_26|5_22
CC20190469,6_27|1_27|0_28|6_17|5_5|2_29|5_27|4_25|1_26|6_25
CC20190470,6_27|1_27|0_28|2_29|5_27|6_8|0_15|1_26|1_21|3_4
CC20190471,0_15|2_17|4_17|2_10|2_12|1_0|6_27|2_4|1_23|0_8
CC20190472,6_27|2_17|1_27|0_28|5_5|2_29|5_27|5_11|6_18|4_25
CC20190473,6_27|1_27|0_28|2_29|5_27|4_14|1_26|6_17|4_25|5_22
CC20190474,6_27|1_27|0_28|4_0|2_20|2_29|5_27|1_26|5_7|6_1
CC20190475,6_27|2_17|1_27|0_20|0_28|6_8|4_14|3_5|2_29|6_17
CC20190476,6_27|1_27|0_28|2_29|3_5|5_27|5_5|3_4|4_25|1_26
CC20190477,6_27|3_5|3_15|1_27|1_0|5_12|3_1|0_28|3_7|2_24
CC20190479,6_27|1_27|0_15|1_21|0_28|5_5|5_7|3_15|3_4|2_26
CC20190481,6_27|1_27|4_0|0_28|0_20|2_29|5_27|1_26|4_17|5_9
CC20190483,6_27|1_27|1_21|0_28|7_24|2_29|5_27|2_10|3_9|3_1
CC20190485,6_27|6_6|2_20|5_9|6_8|4_17|1_27|2_10|5_11|0_28
CC20190486,1_14|6_27|6_8|3_5|5_11|5_5|5_7|1_27|4_3|3_12
CC20190487,6_27|1_27|2_17|0_28|2_27|2_20|0_20|2_29|5_27|4_14
CC20190488,6_27|1_27|0_28|2_27|2_29|5_27|5_7|1_26|5_9|4_27
CC20190490,6_27|1_27|0_28|2_20|2_27|2_29|5_27|1_26|4_26|7_24
CC20190491,6_27|1_27|0_28|2_10|6_17|2_26|2_29|5_27|1_0|4_25
CC20190493,6_27|4_0|2_20|1_27|0_28|2_27|5_7|6_17|2_2|2_29
CC20190495,6_27|1_11|0_20|3_4|6_18|1_27|0_8|4_24|7_5|3_19
CC20190497,6_27|1_27|4_0|0_28|0_20|2_29|5_27|4_25|1_26|5_7
CC2019051,6_27|2_27|2_26|2_29|4_25|5_5|0_15|4_26|4_27|5_11
CC201905101,6_27|1_27|2_27|4_0|2_26|2_29|2_20|5_27|0_20|4_14
CC201905102,6_27|1_27|2_27|3_5|2_26|2_29|6_6|4_25|1_26|5_19
CC201905103,6_27|2_27|2_26|2_29|6_8|4_25|4_26|4_27|5_22|4_17
CC201905104,6_27|2_17|0_20|1_21|2_27|7_20|2_26|6_17|3_4|2_29
CC201905105,6_27|0_28|2_27|1_21|2_26|5_27|2_29|4_17|7_20|4_25
CC201905107,6_27|1_27|0_28|2_27|2_26|2_29|5_7|6_17|4_25|5_9
CC201905111,6_27|1_27|0_28|2_27|2_26|2_29|4_25|6_17|4_26|4_27
CC201905113,6_27|1_27|2_17|2_27|2_26|2_29|4_25|6_17|1_26|4_26
CC201905114,6_27|2_17|2_27|2_26|2_29|4_14|4_25|4_26|4_27|5_11
CC201905115,2_17|4_17|3_14|6_27|5_5|6_18|3_19|6_25|4_14|2_14
CC201905117,6_27|0_28|2_27|2_26|2_29|5_27|4_14|4_25|1_26|4_26
CC201905118,6_27|3_15|6_8|7_11|7_20|7_7|3_7|3_24|4_18|2_27
CC201905119,6_27|2_27|4_14|2_26|2_29|3_5|4_25|5_11|0_5|4_26
CC201905120,6_27|4_0|1_27|2_27|7_24|2_26|2_29|6_25|5_3|4_25
CC201905121,6_6|2_17|5_12|4_19|6_8|2_10|6_27|2_20|5_11|5_7
CC201905122,6_27|2_17|1_27|0_28|2_10|2_27|6_17|2_2|6_18|2_26
CC201905123,6_27|2_20|2_27|0_15|6_8|5_9|2_26|2_29|4_17|4_25
CC201905125,6_27|2_20|0_28|2_27|3_4|2_26|2_29|1_23|2_0|4_25
CC201905126,1_21|6_6|1_11|5_12|7_18|2_10|3_5|6_27|2_0|4_3
CC201905127,6_27|2_17|0_20|4_14|2_27|2_26|2_29|3_15|4_25|4_26
CC20190513,6_27|2_17|2_27|2_26|2_29|4_25|1_26|4_26|4_27|0_5
CC201905130,6_8|7_20|3_4|3_7|6_27|3_19|0_7|5_14|6_15|2_9
CC201905131,6_27|2_17|2_20|2_27|2_26|2_29|4_25|1_26|4_26|4_27
CC201905132,6_27|4_0|1_27|2_20|0_28|2_27|2_26|7_20|2_29|4_17
CC201905133,6_27|2_27|2_26|4_14|2_29|6_8|0_15|4_25|1_26|5_9
CC201905135,6_27|3_15|3_4|5_7|1_23|1_19|3_12|3_9|2_27|4_2
CC201905137,6_27|2_17|0_15|4_17|0_28|7_24|2_27|6_17|2_26|5_27
CC201905138,6_27|1_27|0_28|2_27|4_0|2_26|2_20|2_29|5_27|0_20
CC20190514,6_27|5_11|3_14|5_18|3_12|5_3|2_27|3_7|5_19|2_26
CC201905140,6_27|4_0|2_27|2_26|2_29|7_24|6_17|4_17|3_9|4_25
CC201905141,6_27|1_27|4_0|2_27|2_26|2_29|5_7|6_17|1_21|3_4
CC201905142,6_27|2_27|0_15|4_14|2_26|2_29|5_27|4_25|1_21|4_26
CC201905146,6_27|1_27|2_17|4_0|2_20|2_27|2_26|2_29|4_25|6_8
CC201905148,6_27|6_8|4_17|2_27|5_5|2_26|2_29|3_1|4_25|5_3
CC201905149,6_27|1_27|2_27|2_26|2_29|6_17|4_25|7_24|0_15|3_5
CC20190515,6_27|1_27|2_27|2_20|2_26|0_20|2_29|4_25|4_26|7_24
CC201905150,6_27|2_27|2_26|1_21|2_29|7_20|6_17|5_27|3_5|4_25
CC201905152,6_27|2_17|4_0|2_20|2_27|4_14|2_26|2_29|6_17|1_26
CC201905154,6_27|1_21|5_9|2_10|4_17|0_28|2_27|1_23|3_9|2_0
CC201905155,6_27|2_17|4_0|2_20|2_27|2_26|2_29|5_27|4_25|1_26
CC201905156,6_27|1_21|0_20|0_28|2_27|6_17|2_26|2_29|1_19|0_5
CC201905157,6_27|2_20|2_27|2_26|2_29|5_27|6_17|4_25|3_5|4_26
CC201905158,6_27|2_27|2_26|2_29|4_14|6_8|5_27|4_25|4_26|7_24
CC201905159,6_27|2_17|4_0|2_27|0_20|2_26|2_29|4_25|5_5|4_26
CC201905160,6_27|4_0|2_20|2_27|7_24|4_14|2_26|2_29|5_27|4_17
CC201905161,6_27|5_9|6_8|3_4|7_24|2_27|6_17|2_0|2_2|7_20
CC201905162,6_27|1_27|2_17|0_28|2_27|2_26|2_29|5_27|4_25|4_26
CC201905164,6_27|4_0|5_9|0_20|3_15|5_5|2_27|2_26|7_18|2_0
CC201905165,6_27|4_0|2_20|0_28|2_27|6_8|2_26|2_29|5_7|5_27
CC201905166,6_27|2_20|6_8|0_20|6_6|7_24|5_7|3_4|2_27|1_23
CC201905167,6_27|2_20|0_20|1_14|7_11|5_7|2_0|2_27|3_1|2_26
CC201905169,6_27|1_27|0_28|4_0|2_27|2_20|2_26|2_29|4_14|4_25
CC201905170,6_27|2_27|2_26|0_20|2_29|5_27|4_25|4_26|4_27|5_5
CC201905171,6_27|1_27|2_27|2_20|4_0|2_26|2_29|0_20|5_27|4_14
CC201905172,4_0|6_27|3_15|4_19|2_0|7_24|2_24|6_18|3_24|1_22
CC201905173,6_27|1_27|0_28|2_27|2_20|2_26|2_29|5_27|0_20|4_14
CC201905175,6_27|2_20|2_27|5_5|4_14|2_26|7_24|2_29|7_20|4_25
CC201905176,6_27|2_27|2_26|2_29|6_8|5_27|4_25|5_7|1_26|3_5
CC201905177,6_27|2_27|2_26|2_29|7_24|4_25|3_5|4_26|4_27|2_10
CC201905178,6_27|4_0|0_15|5_9|1_21|6_8|5_7|2_27|3_15|2_26
CC20190518,6_27|4_0|1_21|5_9|2_27|5_5|4_14|3_4|2_26|2_29
CC201905180,6_27|4_0|3_5|5_5|2_27|3_4|6_17|3_9|2_26|6_18
CC201905184,6_27|1_27|2_27|2_26|2_29|6_8|5_27|4_25|4_26|4_27
CC201905186,6_27|1_21|6_8|4_14|2_27|2_26|5_27|2_29|1_0|0_5
CC201905192,6_6|2_2|7_11|2_0|5_11|6_27|1_0|4_24|4_18|5_2
CC201905193,6_27|2_17|2_27|4_0|2_20|2_26|2_29|4_25|1_26|4_26
CC201905197,6_27|2_27|2_20|2_26|2_29|6_8|4_25|1_26|5_7|4_26
CC201905198,6_27|2_17|0_20|2_27|7_20|3_4|2_26|2_10|2_29|3_15
CC201905199,6_27|2_10|2_20|5_11|1_23|0_8|2_3|6_17|3_7|5_2
CC2019052,5_9|6_27|6_6|2_10|1_27|3_4|7_20|4_19|2_24|1_19
CC20190520,6_27|2_20|2_27|2_26|2_29|5_27|4_25|4_26|7_24|4_27
CC201905200,6_27|5_9|2_20|4_17|3_4|2_27|7_24|1_0|3_9|6_18
CC201905201,6_27|1_27|2_27|4_0|2_26|2_29|0_20|4_25|4_26|6_17
CC201905202,6_27|5_5|3_4|3_14|3_1|6_17|6_18|4_14|0_12|3_9
CC201905203,6_27|1_27|2_27|2_26|2_29|4_25|1_26|6_17|6_8|4_26
CC201905205,6_27|2_17|2_20|6_8|4_17|5_11|0_28|2_27|6_18|2_26
CC201905206,6_27|1_27|2_17|0_28|2_27|2_26|4_0|2_29|4_14|5_27
CC201905207,6_27|2_17|2_20|0_28|2_27|6_8|2_26|2_29|5_7|3_5
CC201905208,6_27|4_0|2_27|2_26|2_29|4_25|4_26|4_27|5_11|4_29
CC201905209,6_27|2_27|4_0|2_20|2_26|2_29|5_27|4_25|1_26|4_26
CC20190521,6_27|2_27|4_14|2_26|2_29|5_27|4_25|6_6|6_25|4_26
CC201905210,5_9|6_27|0_20|2_20|6_8|4_17|3_4|1_23|3_9|0_28
CC201905211,6_27|2_17|4_0|2_27|2_26|2_29|5_27|4_14|4_25|1_26
CC201905212,6_27|2_27|6_8|0_15|2_26|2_29|6_17|5_27|5_5|4_25
CC201905213,6_27|4_17|3_5|0_28|7_20|2_27|1_23|3_4|6_18|2_26
CC201905214,6_27|2_17|2_27|6_8|2_26|2_29|5_7|4_25|1_26|5_5
CC201905219,6_27|2_27|4_14|2_26|2_29|5_7|4_25|1_26|4_26|4_27
CC201905220,6_27|3_5|2_10|2_27|1_11|2_26|5_27|1_23|3_9|2_29
CC201905222,6_27|4_0|2_27|2_20|2_26|2_29|5_27|4_25|1_26|4_26
CC201905224,6_27|2_17|2_27|2_20|4_0|2_26|2_29|4_25|6_8|6_17
CC201905227,6_27|2_27|2_26|2_29|5_9|7_24|4_25|3_4|4_26|3_9
CC20190523,6_27|2_17|2_27|2_26|2_29|4_25|4_26|4_27|5_7|7_24
CC201905230,6_27|1_27|2_27|2_20|2_26|2_29|4_14|4_25|1_26|5_7
CC201905233,6_27|4_0|2_27|2_20|2_26|2_29|4_14|0_20|6_8|4_25
CC201905235,6_27|4_0|0_15|0_20|5_9|2_27|7_24|2_26|5_27|2_29
CC201905236,6_27|2_17|4_0|2_20|0_28|2_27|2_26|5_7|7_20|2_29
CC201905237,6_27|1_27|2_27|2_26|2_29|4_25|4_26|4_27|0_5|5_5
CC201905238,5_12|4_17|6_27|7_11|0_12|1_23|3_14|2_4|7_7|0_8
CC20190524,6_27|2_17|2_27|0_15|2_26|2_29|5_27|7_20|4_25|4_26
CC201905240,0_15|6_27|3_5|5_5|3_4|4_19|1_23|2_24|3_12|2_27
CC201905241,6_27|0_28|2_27|2_26|2_29|4_25|5_7|4_26|4_27|0_5
CC201905242,6_27|2_20|2_27|2_26|2_29|4_25|6_17|5_7|4_26|0_15
CC201905244,6_27|2_17|2_27|2_26|2_29|6_17|1_21|4_25|4_26|3_9
CC201905245,6_27|4_0|1_21|6_8|4_14|0_28|2_27|1_11|1_19|7_18
CC201905246,6_27|0_15|6_8|2_27|4_14|3_5|2_26|2_29|4_25|1_26
CC201905247,6_27|2_10|2_27|3_15|2_2|2_26|2_29|6_18|4_25|4_26
CC201905248,6_27|0_28|2_27|2_26|2_29|4_25|6_17|7_24|4_26|0_15
CC201905249,6_27|1_27|2_27|2_26|2_29|6_17|4_25|6_8|4_26|4_27
CC201905250,6_27|4_19|5_12|2_20|6_8|3_15|3_4|1_27|2_12|2_24
CC201905251,6_27|1_27|2_20|0_15|5_9|2_27|5_5|2_26|2_29|3_9
CC201905252,6_27|2_17|2_27|2_26|2_29|4_14|5_27|4_25|1_26|4_26
CC201905254,6_27|2_17|3_5|3_15|5_11|1_0|7_11|2_27|3_1|2_26
CC201905255,6_27|0_28|2_27|2_20|2_26|2_29|4_25|6_8|4_26|4_27
CC201905256,6_27|2_27|2_26|2_29|5_27|4_25|6_8|4_26|4_27|5_22
CC201905257,6_27|0_28|2_27|7_11|5_19|2_26|2_29|1_19|3_2|4_25
CC201905258,6_27|1_27|2_27|3_5|2_26|2_29|3_4|4_17|4_25|5_11
CC20190526,6_27|0_20|7_20|3_2|2_0|1_27|0_8|1_19|4_3|7_5
CC201905260,6_27|2_17|4_0|0_28|2_27|2_26|5_7|2_29|4_25|1_26
CC201905261,6_27|1_27|0_28|4_0|2_27|2_26|2_29|4_14|5_27|4_25
CC201905262,6_27|2_27|2_26|2_29|0_20|5_27|6_8|4_25|4_26|5_7
CC201905263,6_27|2_27|4_0|2_26|2_29|4_14|4_25|6_17|4_26|5_7
CC201905265,6_27|0_28|2_27|2_26|2_29|5_27|4_25|4_26|4_27|5_22
CC201905266,6_27|1_27|2_27|2_26|2_29|5_9|4_25|5_5|4_26|1_21
CC201905268,6_27|2_17|2_27|2_20|2_26|2_29|4_14|4_25|4_26|4_27
CC201905269,6_27|2_27|2_26|2_29|6_17|4_25|5_5|4_26|0_15|4_27
CC20190527,6_27|1_27|2_27|2_26|2_29|7_24|4_17|4_25|4_26|2_10
CC201905270,2_17|6_27|5_9|6_6|4_17|3_15|7_20|7_18|2_27|3_9
CC201905271,6_27|2_27|2_20|2_26|6_8|2_29|4_14|6_17|4_25|0_15
CC201905273,6_27|0_28|2_20|2_27|2_26|2_29|4_25|6_8|7_24|6_17
CC201905275,4_0|6_27|4_17|5_5|5_7|7_11|1_0|7_24|5_12|6_18
CC201905276,6_27|0_28|2_27|2_26|2_29|4_25|1_26|4_26|4_27|5_5
CC201905278,6_27|2_20|0_28|2_27|2_26|2_29|4_25|6_17|1_26|4_26
CC201905279,6_27|0_28|2_27|2_26|2_29|5_27|4_14|4_25|1_26|4_26
CC20190528,6_27|4_0|2_20|1_14|1_11|5_11|7_18|3_14|3_2|1_23
CC201905281,6_27|2_17|1_27|2_27|0_15|6_8|2_26|2_29|3_5|7_20
CC201905283,6_27|1_27|2_27|5_7|5_5|2_26|2_29|3_4|4_25|4_26
CC201905287,6_6|6_27|2_20|1_11|1_23|0_12|3_14|7_7|3_12|5_19
CC201905288,6_27|1_27|0_28|4_0|2_27|2_20|2_26|2_29|4_14|4_25
CC201905289,6_27|1_27|5_9|5_7|2_27|2_26|2_29|1_0|4_25|5_22
CC20190529,6_27|2_27|2_26|2_29|4_14|4_25|4_26|4_27|5_22|5_19
CC201905290,6_27|4_0|2_27|2_26|2_29|0_20|4_25|6_17|4_26|4_27
CC201905292,6_27|2_17|4_0|2_20|2_27|2_26|4_14|2_29|7_24|5_7
CC201905294,6_27|2_27|2_26|2_29|4_25|4_26|4_27|7_24|5_7|4_29
CC201905297,5_9|6_6|6_27|0_20|5_7|4_6|7_7|5_19|2_27|0_7
CC201905298,6_27|2_17|0_28|2_27|2_26|2_29|4_14|7_24|6_17|4_25
CC20190535,6_27|2_10|3_4|0_12|2_12|1_27|2_4|3_7|3_19|1_22
CC20190537,6_27|2_27|2_26|2_29|6_17|4_25|7_24|3_5|4_26|7_20
CC20190538,6_27|1_27|0_28|2_27|2_20|2_29|2_26|4_0|5_27|4_25
CC20190539,6_27|2_27|2_26|2_29|5_5|7_20|4_25|7_24|4_17|4_26
CC2019054,6_27|2_20|2_27|2_26|2_29|6_17|4_25|4_26|5_7|4_27
CC20190540,6_27|1_27|2_27|2_26|2_29|0_20|4_25|4_26|7_24|4_27
CC20190541,6_27|2_20|0_28|0_20|2_27|6_8|2_26|2_29|7_24|3_5
CC20190542,6_27|1_27|2_17|2_27|2_26|2_29|5_27|0_20|4_14|4_25
CC20190544,6_27|4_0|0_15|5_5|2_27|2_10|2_26|1_23|2_29|4_25
CC20190546,6_27|5_7|2_27|5_11|2_26|2_29|4_25|4_26|5_22|0_5
CC20190547,2_17|6_27|6_8|3_5|1_14|7_11|4_14|1_0|3_9|2_27
CC20190548,6_27|2_17|0_28|2_27|0_20|2_26|2_29|5_27|6_17|5_5
CC2019055,6_27|1_27|2_27|2_26|2_29|4_25|6_8|4_26|4_27|5_7
CC20190550,6_27|0_28|2_27|2_26|0_20|2_29|4_25|4_26|4_27|5_7
CC20190551,6_27|4_0|2_20|2_27|4_17|5_7|7_24|2_26|6_17|2_29
CC20190554,6_27|1_27|2_27|2_26|2_29|2_20|4_25|4_14|0_20|6_17
CC20190555,6_27|2_20|0_28|2_27|2_26|2_29|6_8|4_25|7_24|1_26
CC20190558,6_27|1_27|0_28|2_27|4_0|2_26|2_29|4_14|4_25|1_26
CC20190559,6_27|1_27|2_27|6_8|2_26|3_5|2_29|7_24|6_17|5_27
CC2019056,0_15|6_6|6_27|5_12|5_8|3_5|0_20|6_8|5_5|2_0
CC20190560,6_27|2_17|1_21|5_7|3_15|4_14|2_27|2_26|2_29|0_12
CC20190561,6_27|2_27|2_26|2_29|5_7|6_17|4_25|7_24|4_26|4_27
CC20190562,6_27|2_17|1_27|0_28|2_27|2_26|2_29|4_14|4_25|1_26
CC20190566,6_27|2_27|2_26|2_29|5_27|4_25|4_26|4_27|7_20|3_9
CC20190568,6_27|5_9|0_20|0_28|2_27|4_14|2_26|7_20|6_17|2_29
CC20190569,6_27|1_27|2_27|2_26|2_29|0_15|4_25|4_26|4_27|6_9
CC20190570,6_27|4_0|2_27|2_26|2_29|5_27|4_25|4_26|4_27|5_22
CC20190573,6_27|2_20|2_27|2_26|2_29|5_27|4_25|4_26|4_27|7_24
CC20190576,6_8|2_0|6_27|7_24|2_3|2_24|0_8|6_18|3_7|2_4
CC20190578,4_0|6_6|6_27|2_2|5_12|7_20|0_20|3_2|6_18|2_4
CC20190579,6_27|2_20|0_28|2_27|3_4|2_26|2_29|7_24|6_6|4_25
CC2019058,6_27|4_0|2_27|2_26|2_29|5_27|6_8|4_25|5_7|4_26
CC20190580,6_27|1_27|2_20|0_28|2_27|0_20|2_26|2_29|4_25|4_26
CC20190581,6_27|2_17|0_28|2_27|2_26|2_29|4_14|4_25|4_26|4_27
CC20190582,6_27|0_15|2_27|5_5|4_14|5_7|2_26|2_29|5_11|7_18
CC20190584,6_27|2_17|0_28|2_27|2_20|2_26|2_29|5_27|4_25|6_8
CC20190585,6_27|2_17|4_0|0_28|2_27|2_26|5_7|2_29|5_5|5_27
CC20190586,6_27|2_17|0_28|2_27|2_26|2_29|6_17|4_25|5_7|1_26
CC20190587,6_27|1_27|2_27|2_20|4_0|2_26|2_29|4_14|5_27|4_25
CC20190588,6_27|1_27|4_0|2_27|0_20|2_26|4_14|2_29|6_8|6_17
CC20190589,6_27|1_27|2_17|2_27|2_20|2_26|2_29|5_27|4_25|1_26
CC20190590,6_6|2_2|6_27|1_11|2_10|7_20|3_14|5_11|6_18|1_19
CC20190592,6_27|4_0|1_27|2_27|2_26|2_29|6_17|3_5|4_25|3_4
CC20190593,6_27|5_9|6_8|0_20|3_5|5_7|2_27|1_23|3_1|2_26
CC20190595,6_27|2_17|0_28|0_20|2_27|2_26|2_29|5_9|5_7|6_17
CC20190596,6_27|1_27|0_15|2_27|2_26|6_17|2_29|2_2|7_11|4_25
CC20190597,6_27|0_15|5_5|5_7|4_14|2_27|6_17|7_18|2_2|2_26
CC20190598,6_27|2_17|0_28|2_27|5_9|2_26|2_29|5_7|4_25|1_26
RC1003639,6_27|1_27|0_28|2_27|2_17|2_20|2_29|4_0|5_27|1_26
RC1005206,6_27|1_27|0_28|2_27|2_17|2_26|2_29|2_20|5_27|0_20
RC1009381,6_27|1_27|0_28|2_27|2_17|2_29|2_26|5_27|4_0|1_26
RC1015033,6_27|1_27|0_28|4_0|2_29|5_27|2_26|2_20|4_14|1_26
RC1030704,1_27|0_28|2_17|2_29|5_27|2_20|4_0|4_14|1_26|0_20
RC1036216,6_27|1_27|0_28|2_17|2_27|2_29|5_27|4_14|1_26|6_17
RC1041143,6_27|1_27|0_28|2_27|2_17|2_26|2_29|5_27|2_20|0_20
RC1072283,6_27|1_27|2_17|0_28|2_29|5_27|4_0|1_26|4_25|0_20
RC1074019,6_27|1_27|0_28|2_27|4_0|2_26|2_29|5_27|1_26|4_25
RC1076053,6_27|1_27|0_28|2_27|4_0|2_20|2_29|5_27|1_26|4_25
RC1082799,6_27|1_27|0_28|2_17|2_29|2_26|5_27|4_0|0_20|4_14
RC1084108,6_27|1_27|0_28|2_17|2_26|2_29|5_27|2_20|0_20|4_25
RC1084932,6_27|1_27|0_28|2_27|2_26|5_27|0_20|1_26|4_25|4_27
RC1088513,6_27|1_27|0_28|2_27|4_0|2_17|2_26|2_29|2_20|5_27
RC1092059,6_27|1_27|2_17|0_28|2_27|2_26|2_20|2_29|4_0|5_27
RC1104801,6_27|1_27|0_28|2_27|2_17|2_26|2_29|4_0|5_27|2_20
RC1112508,6_27|1_27|0_28|2_27|2_29|5_27|4_14|0_20|1_26|6_8
RC1118580,6_27|1_27|0_28|4_0|2_26|2_20|5_27|4_14|0_20|1_26
RC1120914,6_27|0_28|2_27|2_26|4_0|2_29|2_20|4_25|4_14|4_26
RC1132479,6_27|1_27|2_27|2_17|4_0|2_20|2_26|2_29|5_27|4_25
RC1135211,1_27|0_28|2_27|2_26|5_27|4_0|4_14|1_26|4_27|6_8
RC1156263,6_27|1_27|0_28|2_27|2_26|2_29|2_20|5_27|4_25|1_26
RC1165292,6_27|1_27|0_28|2_17|2_29|2_20|5_27|1_26|0_20|4_0
RC1171973,6_27|1_27|0_28|2_27|2_17|2_26|2_29|5_27|2_20|4_0
RC1186292,6_27|1_27|0_28|2_17|2_26|2_29|4_0|5_27|1_26|4_14
RC1192569,6_27|2_27|2_26|4_0|2_20|2_29|4_14|4_25|1_26|4_26
RC1203651,6_27|1_27|0_28|2_27|2_20|2_26|4_0|2_29|5_27|4_25
RC1205883,6_27|2_27|2_17|0_28|2_26|4_0|2_29|4_25|4_14|0_20
RC1208952,6_27|1_27|0_28|2_17|2_27|2_29|2_26|2_20|5_27|4_14
RC1227574,6_27|1_27|0_28|2_27|4_0|2_26|2_29|5_27|2_20|4_14
RC1242820,6_27|1_27|0_28|2_17|4_0|2_26|2_29|2_20|5_27|0_20
RC1259334,6_27|2_27|2_26|2_29|4_0|0_20|4_25|5_27|4_26|1_26
RC1273392,6_27|1_27|0_28|2_17|0_20|2_27|5_27|2_20|2_29|2_26
RC1280352,1_27|2_17|0_28|2_27|2_20|2_29|2_26|5_27|4_14|1_26
RC1284280,6_27|1_27|0_28|2_27|2_17|2_26|2_29|2_20|5_27|1_26
RC1292863,6_27|1_27|0_28|2_27|4_0|2_17|2_20|2_29|2_26|0_20
RC1298343,6_27|1_27|0_28|2_27|2_17|2_26|2_29|4_0|2_20|4_25
RC1300743,6_27|1_27|2_17|0_28|2_27|4_0|2_26|2_20|2_29|5_27
RC1312056,6_27|1_27|0_28|2_17|2_27|2_29|2_26|5_27|2_20|0_20
RC1351954,6_27|1_27|0_28|2_26|2_29|5_27|2_17|4_0|4_25|1_26
RC1364121,6_27|0_28|2_27|2_17|2_26|2_20|2_29|4_25|4_26|4_27
RC1393645,6_27|1_27|0_28|2_17|2_27|2_29|2_26|5_27|2_20|4_14
RC1394068,6_27|1_27|0_28|2_17|2_29|5_27|4_14|0_20|2_20|1_26
RC1400091,6_27|1_27|0_28|2_27|2_26|2_17|2_29|5_27|4_25|1_26
RC1413418,6_27|1_27|2_27|2_17|2_26|4_0|2_29|5_27|4_14|4_25
RC1424323,6_27|1_27|0_28|2_17|2_27|2_29|4_0|5_27|0_20|2_20
RC1425497,6_27|1_27|2_27|2_17|2_20|2_26|2_29|4_0|5_27|0_20
RC1427450,6_27|1_27|0_28|2_27|2_26|0_20|2_29|5_27|1_26|2_20
RC1428092,6_27|1_27|0_28|2_27|2_17|2_26|2_29|4_0|4_25|1_26
RC1434787,6_27|1_27|2_17|0_28|2_27|4_14|2_29|2_26|4_0|5_27
RC1434854,6_27|1_27|0_28|2_17|4_0|2_26|2_29|5_27|0_20|1_26
RC1444594,6_27|1_27|0_28|2_27|2_26|2_29|2_17|5_27|4_0|0_20
RC1446277,6_27|1_27|0_28|2_27|2_29|2_26|5_27|4_14|0_20|1_26
RC1452911,6_27|1_27|0_28|2_17|5_27|0_20|1_26|5_22|4_26|6_8
RC1454381,6_27|1_27|0_28|2_27|2_26|4_0|2_17|2_29|5_27|4_25
RC1461780,6_27|2_17|0_28|2_27|2_26|4_0|2_29|2_20|5_27|4_25
RC1466873,6_27|1_27|0_28|2_27|2_29|2_20|4_0|5_27|1_26|6_17
RC1468113,6_27|1_27|0_28|2_17|2_29|5_27|2_26|1_26|0_20|4_14
RC1488521,6_27|1_27|0_28|2_27|2_17|2_26|2_29|2_20|5_27|1_26
RC1493718,6_27|1_27|0_28|2_27|2_26|4_0|2_29|2_20|5_27|4_25
RC1493976,6_27|1_27|2_17|0_28|2_27|4_0|5_27|2_20|1_26|4_14
RC1505949,6_27|1_27|2_17|0_28|2_29|2_26|2_20|5_27|4_14|1_26
RC1511072,6_27|1_27|0_28|2_27|2_17|2_26|2_29|5_27|4_14|2_20
RC1514845,6_27|1_27|0_28|2_27|4_0|2_20|2_29|2_26|5_27|4_14
RC1533154,6_27|1_27|0_28|2_17|2_27|2_20|2_29|5_27|2_26|1_26
RC1559815,6_27|1_27|0_28|2_27|2_26|2_29|5_27|1_26|0_20|4_26
RC1572800,6_27|1_27|2_17|0_28|2_27|2_26|4_0|2_29|5_27|4_25
RC1575969,6_27|1_27|0_28|2_17|2_27|2_20|4_0|2_26|2_29|5_27
RC1616502,6_27|1_27|2_17|0_28|2_27|2_26|4_0|2_29|2_20|5_27
RC1617457,6_27|1_27|0_28|2_17|2_20|2_29|5_27|1_26|4_0|4_14
RC1620649,6_27|1_27|2_17|0_28|2_27|2_29|4_0|5_27|2_20|4_14
RC1626753,6_27|1_27|0_28|2_17|2_27|2_26|2_29|4_0|2_20|5_27
RC1630907,6_27|1_27|2_17|0_28|2_27|2_20|2_29|5_27|1_26|6_17
RC1631590,6_27|1_27|0_28|2_27|2_17|2_26|4_0|5_27|1_26|0_20
RC1636662,6_27|1_27|2_17|0_28|2_27|2_26|2_29|0_20|5_27|4_25
RC1641285,6_27|1_27|0_28|2_27|2_26|2_20|2_29|5_27|4_25|4_0
RC1644095,6_27|0_28|2_27|2_26|2_17|2_29|4_25|0_20|4_0|1_26
RC1661029,6_27|1_27|2_17|0_28|2_27|2_26|4_0|2_29|4_25|1_26
RC1682207,6_27|1_27|0_28|2_27|4_0|2_26|2_29|5_27|1_26|4_14
RC1682390,6_27|1_27|0_28|2_27|2_17|2_26|2_29|5_27|4_14|4_0
RC1689875,6_27|1_27|0_28|2_17|2_26|5_27|4_0|0_20|1_26|4_14
RC1694006,6_27|1_27|0_28|2_27|2_29|5_27|4_14|0_20|4_0|1_26
RC1704355,6_27|1_27|0_28|2_27|2_17|2_26|2_29|4_0|5_27|1_26
RC1712846,1_27|0_28|2_27|2_17|2_26|5_27|4_25|1_26|4_14|6_17
RC1745548,6_27|0_28|2_17|2_27|2_26|4_0|2_29|5_27|4_25|4_14
RC1753626,6_27|1_27|0_28|2_27|2_29|5_27|0_20|1_26|4_26|4_27
RC1764936,6_27|1_27|0_28|2_27|2_17|2_26|5_27|2_20|4_14|1_26
RC1798061,6_27|2_17|4_0|2_27|2_20|2_26|2_29|0_20|6_8|4_25
RC1799394,6_27|1_27|0_28|2_17|2_20|5_27|1_26|6_8|4_25|6_17
RC1846667,6_27|1_27|0_28|2_17|2_27|2_26|2_29|5_27|0_20|2_20
RC1876040,6_27|1_27|0_28|2_27|2_17|4_0|2_29|5_27|2_26|4_14
RC1888156,1_27|0_28|2_17|2_27|0_20|5_27|4_0|2_20|2_26|1_26
RC1933303,6_27|1_27|0_28|2_17|2_27|2_26|2_20|2_29|4_0|5_27
RC1934061,6_27|1_27|0_28|2_17|2_20|2_29|2_26|5_27|4_25|1_26
RC1935780,6_27|1_27|0_28|2_27|2_26|2_29|5_27|2_20|2_17|4_25
RC1936199,6_27|1_27|2_27|0_28|2_17|2_26|2_20|2_29|4_0|4_14
RC1940430,6_27|2_17|2_27|2_20|4_0|2_26|2_29|4_14|5_27|4_25
RC1949642,6_27|1_27|0_28|2_27|2_29|4_0|5_27|1_26|0_20|2_20
RC1962782,6_27|1_27|0_28|2_17|2_27|2_20|2_26|2_29|5_27|4_0
RC1979531,6_27|1_27|0_28|2_27|2_17|0_20|2_26|2_29|5_27|2_20
RC1990504,6_27|2_27|2_26|2_29|4_25|5_27|4_26|1_26|4_27|0_20
RC2010316,6_27|1_27|0_28|2_17|2_27|4_0|2_26|2_29|5_27|2_20
RC2037412,6_27|1_27|0_28|2_17|2_20|2_29|0_20|5_27|1_26|4_14
RC2045227,6_27|1_27|0_28|2_29|2_26|5_27|0_20|4_14|1_26|4_26
RC2062631,1_27|0_28|2_17|5_27|2_26|4_0|1_26|0_20|6_17|4_25
RC2064334,6_27|1_27|2_27|0_28|2_26|2_20|2_29|2_17|4_25|1_26
RC2067621,1_27|0_28|2_27|4_0|5_27|2_17|2_29|2_26|1_26|2_20
RC2067734,6_27|1_27|2_17|2_27|2_20|2_26|2_29|0_20|4_25|5_27
RC2071544,6_27|1_27|0_28|2_17|2_27|4_0|2_29|2_26|5_27|2_20
RC2092596,6_27|1_27|2_17|0_28|2_27|4_0|2_26|2_29|2_20|5_27
RC2093010,6_27|1_27|0_28|2_27|4_0|2_29|2_26|5_27|2_20|0_20
RC2098136,6_27|1_27|0_28|2_17|2_27|2_26|2_29|5_27|4_0|4_25
RC2109256,6_27|1_27|0_28|2_17|2_27|4_0|2_26|2_29|5_27|2_20
RC2115289,6_27|1_27|0_28|2_27|2_17|2_26|4_0|2_20|2_29|5_27
RC2115695,1_27|0_28|4_0|2_20|2_29|5_27|0_20|1_26|5_7|4_27
RC2121002,6_27|1_27|2_17|2_27|0_28|2_26|4_0|2_29|2_20|4_25
RC2140575,6_27|1_27|0_28|2_27|2_29|2_20|2_26|5_27|4_0|0_20
RC2164025,6_27|1_27|0_28|2_27|2_17|4_0|2_26|5_27|2_20|4_14
RC2168924,6_27|1_27|0_28|2_27|2_29|2_26|5_27|2_20|4_14|1_26
RC2172421,6_27|1_27|0_28|2_27|2_26|2_29|5_27|1_26|0_20|4_25
RC2175605,6_27|1_27|0_28|2_27|2_17|2_20|2_26|2_29|4_0|5_27
RC2176929,6_27|1_27|0_28|2_27|2_20|2_29|4_0|5_27|1_26|4_14
RC2182580,6_27|2_27|4_0|2_26|2_20|2_29|0_20|4_25|4_14|4_26
RC2195602,6_27|1_27|0_28|2_27|2_17|2_26|2_29|4_14|0_20|4_25
RC2198821,6_27|1_27|0_28|2_27|2_29|2_26|5_27|4_14|1_26|2_17
RC2200461,6_27|1_27|2_17|0_28|2_27|4_0|2_20|2_26|0_20|2_29
RC2204931,6_27|1_27|0_28|2_17|2_27|2_20|4_0|2_29|5_27|1_26
RC2214641,6_27|1_27|0_28|2_27|2_17|2_29|5_27|2_20|1_26|4_25
RC2232636,6_27|1_27|0_28|2_27|2_29|2_26|5_27|1_26|4_25|0_20
RC2241499,6_27|1_27|2_17|0_28|2_27|4_0|2_29|5_27|2_26|2_20
RC2265739,6_27|1_27|0_28|2_17|2_27|2_26|2_29|4_0|4_25|5_27
RC2282884,6_27|1_27|2_17|0_28|2_20|2_29|5_27|1_26|4_25|4_26
RC2303221,6_27|1_27|0_28|2_20|4_0|2_29|2_26|5_27|1_26|4_14
RC2304716,6_27|1_27|0_28|2_27|4_0|2_17|2_26|2_29|5_27|2_20
RC2307610,6_27|1_27|2_17|0_28|2_27|2_26|2_29|4_0|2_20|4_25
RC2327853,6_27|1_27|0_28|2_27|4_0|2_17|2_26|2_29|2_20|1_26
RC2335887,6_27|1_27|0_28|2_27|2_17|2_26|2_29|5_27|4_0|2_20
RC2350311,6_27|1_27|2_17|0_28|2_27|2_29|2_20|4_0|5_27|1_26
RC2353162,6_27|1_27|0_28|2_17|2_27|4_0|2_29|2_26|5_27|2_20
RC2366144,6_27|1_27|0_28|2_27|2_29|5_27|0_20|1_26|4_25|4_26
RC2367173,6_27|1_27|0_28|2_27|2_17|2_20|2_26|2_29|5_27|4_0
RC2368423,6_27|1_27|0_28|2_17|2_27|2_29|2_20|2_26|4_0|5_27
RC2378333,6_27|1_27|0_28|2_17|5_27|2_26|2_20|1_26|0_20|4_0
RC2398979,6_27|1_27|0_28|2_27|2_17|2_26|2_29|4_0|2_20|4_14
RC2414019,1_27|0_28|2_17|2_27|5_27|2_20|2_26|0_20|1_26|4_25
RC2421592,6_27|1_27|0_28|2_27|2_17|2_26|0_20|2_29|4_0|5_27
RC2425756,6_27|1_27|0_28|2_17|2_27|4_0|2_29|5_27|2_20|1_26
RC2428642,6_27|1_27|0_28|2_17|2_27|2_20|5_27|0_20|1_26|4_25
RC2443037,1_27|2_17|0_28|2_27|2_26|2_29|5_27|1_26|4_25|4_14
RC2444586,6_27|1_27|0_28|2_27|2_17|2_26|2_29|2_20|5_27|1_26
RC2455396,1_27|0_28|2_29|2_20|5_27|2_26|4_0|1_26|4_25|4_14
RC2458819,6_27|1_27|2_17|0_28|2_27|2_20|4_0|2_26|2_29|5_27
RC2460489,6_27|1_27|0_28|2_17|2_27|2_26|2_29|5_27|1_26|4_25
RC2469419,6_27|1_27|0_28|2_27|2_17|2_29|2_26|5_27|4_0|2_20
RC2485079,6_27|0_28|2_27|2_17|2_26|2_29|5_27|2_20|4_14|4_25
RC2551986,6_27|1_27|2_27|2_26|2_29|2_20|5_27|0_20|4_25|1_26
RC2563213,6_27|1_27|0_28|2_27|2_17|2_26|2_29|5_27|4_0|2_20
RC2610667,6_27|1_27|2_17|0_28|2_27|2_26|2_29|5_27|4_0|2_20
RC2611785,6_27|1_27|0_28|4_0|2_29|2_20|5_27|1_26|0_20|4_25
RC2621091,6_27|1_27|2_17|0_28|2_27|2_20|2_26|2_29|5_27|4_0
RC2649651,6_27|1_27|2_17|0_28|2_27|2_29|2_26|2_20|5_27|4_0
RC2680208,6_27|1_27|0_28|2_17|2_27|2_20|2_26|2_29|5_27|4_0
RC2684415,6_27|2_27|0_28|2_17|2_26|4_0|2_29|4_14|0_20|4_25
RC2694200,6_27|1_27|0_28|2_27|2_17|2_29|5_27|4_14|4_0|1_26
RC2696897,6_27|1_27|0_28|2_17|4_0|2_27|2_29|5_27|0_20|2_26
RC2708651,6_27|2_17|2_27|0_28|2_26|2_29|2_20|0_20|4_25|4_14
RC2709987,6_27|1_27|0_28|2_27|2_20|2_29|2_26|2_17|5_27|4_25
RC2713108,1_27|0_28|2_27|2_26|2_29|5_27|1_26|4_25|2_20|4_14
RC2725007,6_27|1_27|2_17|0_28|2_27|2_26|2_29|5_27|2_20|0_20
RC2725590,6_27|1_27|0_28|4_0|2_29|5_27|0_20|1_26|4_25|6_17
RC2729814,6_27|1_27|0_28|2_27|2_17|2_29|5_27|0_20|2_26|4_0
RC2730153,6_27|1_27|0_28|2_27|2_29|5_27|4_0|1_26|4_14|0_20
RC2733964,6_27|1_27|0_28|2_27|2_26|2_29|4_0|5_27|2_20|4_14
RC2751597,6_27|1_27|2_17|2_27|4_0|2_26|2_20|2_29|4_25|1_26
RC2781267,6_27|2_17|2_27|0_28|2_26|2_29|4_14|5_27|4_25|1_26
RC2782689,6_27|1_27|0_28|2_27|2_26|2_29|4_0|2_20|5_27|4_25
RC2788020,6_27|1_27|0_28|2_17|2_29|4_0|4_14|5_27|1_26|0_20
RC2800544,6_27|1_27|0_28|2_27|4_0|2_29|5_27|1_26|4_25|0_20
RC2813966,6_27|1_27|0_28|2_27|2_26|2_17|2_29|5_27|4_0|2_20
RC2818607,6_27|1_27|0_28|2_27|2_17|2_29|2_26|2_20|5_27|4_0
RC2833993,6_27|1_27|0_28|2_17|2_26|2_29|2_20|5_27|4_14|1_26
RC2844097,6_27|1_27|0_28|4_0|2_17|2_29|2_26|5_27|4_14|1_26
RC2847324,6_27|1_27|2_17|0_28|4_0|2_29|2_20|5_27|2_26|4_14
RC2859992,6_27|1_27|0_28|2_27|2_29|5_27|0_20|4_14|1_26|2_26
RC2902905,6_27|1_27|2_17|0_28|2_27|2_26|2_29|4_0|5_27|0_20
RC2921273,6_27|1_27|0_28|2_17|2_27|4_0|2_29|5_27|4_14|1_26
RC2945978,6_27|1_27|0_28|2_27|2_17|2_29|2_26|5_27|2_20|4_25
RC2959141,6_27|1_27|2_27|0_28|2_29|2_17|4_0|2_26|4_25|2_20
RC2961348,6_27|1_27|0_28|2_17|2_27|4_0|2_26|2_29|5_27|0_20
RC3009389,6_27|1_27|0_28|2_27|2_17|2_29|2_26|2_20|5_27|1_26
RC3013579,6_27|0_28|2_27|2_26|2_20|2_29|5_27|4_25|4_26|4_27
RC3013906,6_27|1_27|2_17|0_28|2_27|2_26|2_29|5_27|2_20|4_25
RC3019929,6_27|2_17|2_27|2_26|4_0|2_29|4_14|5_27|4_25|1_26
RC3028921,6_27|1_27|0_28|2_17|2_27|2_20|4_0|2_29|5_27|1_26
RC3038196,6_27|1_27|0_28|2_27|4_0|2_29|2_20|5_27|1_26|4_25
RC3045313,6_27|1_27|0_28|2_27|4_0|2_17|2_29|2_26|5_27|2_20
RC3055140,6_27|1_27|0_28|2_27|2_17|2_26|2_29|5_27|0_20|4_25
RC3063515,6_27|1_27|2_17|0_28|2_27|2_26|2_20|2_29|5_27|4_25
RC3067661,6_27|1_27|0_28|2_27|2_17|2_26|2_20|2_29|5_27|4_0
RC3095675,6_27|1_27|2_27|0_28|2_17|4_0|2_26|2_29|4_25|2_20
RC3097704,6_27|2_27|0_28|2_17|2_26|2_29|2_20|4_0|4_14|4_25
RC3104632,6_27|2_27|2_20|2_26|2_29|4_25|5_27|4_26|0_20|4_27
RC3120278,6_27|1_27|0_28|2_17|2_27|4_0|2_26|2_20|2_29|5_27
RC3125716,6_27|1_27|0_28|2_27|2_17|2_26|2_29|5_27|4_0|4_25
RC3141329,6_27|2_27|0_28|4_0|2_17|2_26|2_29|4_25|0_20|4_26
RC3141877,6_27|1_27|2_17|0_28|2_27|2_26|2_29|4_25|1_26|4_14
RC3172600,6_27|1_27|0_28|4_0|5_27|1_26|6_17|4_27|4_26|5_22
RC3202170,6_27|1_27|2_27|0_28|2_20|2_26|2_29|4_0|4_25|4_14
RC3219711,6_27|1_27|0_28|2_27|2_17|2_29|4_0|5_27|1_26|0_20
RC3240263,6_27|1_27|0_28|2_27|2_17|2_26|4_0|2_29|5_27|2_20
RC3242630,6_27|1_27|2_17|0_28|2_27|2_20|2_26|2_29|4_0|5_27
RC3246484,6_27|1_27|0_28|2_27|2_17|2_29|5_27|0_20|2_20|1_26
RC3252863,6_27|1_27|0_28|2_17|2_27|2_29|4_0|2_26|5_27|4_14
RC3254947,6_27|1_27|2_27|2_20|2_17|0_28|2_26|2_29|4_14|4_25
RC3260166,6_27|1_27|0_28|2_17|2_27|2_26|2_29|5_27|4_0|1_26
RC3278020,6_27|1_27|0_28|2_26|2_29|2_20|5_27|0_20|1_26|4_25
RC3280969,6_27|1_27|0_28|2_27|2_17|2_26|2_20|2_29|4_0|0_20
RC3281318,6_27|1_27|2_17|0_28|2_27|4_0|2_26|2_29|2_20|5_27
RC3281432,6_27|2_17|0_28|2_27|2_26|2_29|2_20|4_0|4_25|5_27
RC3303627,1_27|0_28|2_17|2_20|2_29|5_27|2_26|1_26|4_25|6_17
RC3309841,6_27|1_27|0_28|2_27|2_17|2_26|4_0|2_29|4_14|1_26
RC3324079,6_27|1_27|0_28|2_17|4_0|2_29|0_20|5_27|4_14|1_26
RC3326658,6_27|1_27|2_27|0_28|2_17|2_26|4_0|2_29|4_14|2_20
RC3341168,6_27|1_27|0_28|2_27|2_17|4_0|2_29|2_26|5_27|2_20
RC3346866,6_27|1_27|2_17|0_28|2_27|2_26|4_0|2_29|5_27|1_26
RC3355123,6_27|1_27|2_17|0_28|2_27|4_0|2_20|2_26|2_29|4_25
RC3358763,6_27|1_27|0_28|2_27|2_17|2_26|2_29|5_27|4_0|2_20
RC3383218,6_27|1_27|0_28|2_27|2_26|2_20|2_29|5_27|4_0|0_20
RC3383511,6_27|1_27|0_28|2_17|2_27|2_29|4_0|5_27|0_20|1_26
RC3384731,6_27|2_27|2_26|2_29|0_20|4_14|5_27|4_25|4_26|4_27
RC3391563,1_27|0_28|2_17|2_27|5_27|2_20|1_26|4_25|6_17|4_27
RC3400790,6_27|1_27|2_17|0_28|2_27|2_29|2_26|2_20|5_27|1_26
RC3433588,6_27|1_27|0_28|2_17|2_27|4_0|2_29|5_27|4_14|1_26
RC3444898,6_27|1_27|0_28|2_17|2_27|2_20|5_27|1_26|4_0|4_25
RC3477308,6_27|1_27|0_28|2_17|2_27|4_0|2_26|2_20|2_29|5_27
RC3477685,6_27|1_27|0_28|2_27|2_17|2_26|4_0|2_29|5_27|2_20
RC3483468,6_27|1_27|0_28|2_17|2_29|2_26|5_27|1_26|4_14|6_17
RC3495803,6_27|1_27|0_28|2_17|2_27|2_26|2_29|5_27|2_20|1_26
RC3514014,6_27|2_17|0_28|2_27|2_20|2_26|2_29|5_27|4_25|1_26
RC3516528,6_27|1_27|0_28|2_17|2_29|2_20|4_0|2_26|5_27|4_14
RC3527814,1_27|0_28|2_17|2_26|2_29|5_27|0_20|1_26|4_25|4_26
RC3540787,6_27|2_17|2_27|2_26|2_29|4_14|4_0|4_25|5_27|4_26
RC3548793,1_27|0_28|2_17|4_0|5_27|2_26|2_20|1_26|4_25|4_29
RC3576586,6_27|1_27|2_17|0_28|4_0|2_29|2_26|5_27|2_20|4_14
RC3580369,1_27|0_28|2_17|2_26|2_29|5_27|4_0|1_26|4_25|4_26
RC3582528,6_27|2_17|2_27|4_0|2_26|2_29|4_14|0_20|4_25|1_26
RC3611907,6_27|1_27|0_28|2_27|2_26|5_27|4_0|1_26|4_25|4_14
RC3612547,6_27|1_27|4_0|2_20|0_28|2_27|0_20|2_26|2_29|5_27
RC3613299,1_27|0_28|2_27|4_0|2_20|2_29|5_27|1_26|4_25|4_26
RC3613417,6_27|1_27|0_28|2_17|2_29|2_20|5_27|4_14|4_0|1_26
RC3615462,6_27|1_27|0_28|2_27|4_0|2_17|2_26|2_29|5_27|0_20
RC3620626,6_27|1_27|0_28|2_27|2_20|2_29|0_20|5_27|1_26|5_22
RC3629964,6_27|2_17|0_28|2_27|2_26|2_29|4_25|4_14|1_26|4_26
RC3632200,6_27|1_27|0_28|2_27|2_17|2_29|2_26|5_27|2_20|4_0
RC3667291,1_27|0_28|2_27|2_26|2_29|5_27|1_26|4_0|4_25|6_17
RC3682601,6_27|1_27|0_28|2_27|2_29|2_26|5_27|4_0|4_14|1_26
RC3698355,6_27|2_17|2_27|2_26|2_29|4_0|2_20|4_14|5_27|4_25
RC3726393,6_27|1_27|0_28|2_26|2_29|5_27|2_20|4_0|4_25|1_26
RC3727909,6_27|1_27|0_28|2_27|2_17|2_26|2_29|2_20|5_27|4_25
RC3729755,6_27|1_27|2_27|2_26|2_20|2_17|2_29|0_20|4_14|6_17
RC3730584,6_27|1_27|0_28|2_27|2_17|2_26|2_20|2_29|4_0|5_27
RC3732056,6_27|1_27|0_28|2_27|2_17|2_26|2_29|5_27|2_20|1_26
RC3739135,6_27|1_27|0_28|2_17|2_27|2_26|2_29|0_20|5_27|2_20
RC3741542,6_27|1_27|0_28|2_20|2_26|2_29|5_27|1_26|4_25|4_14
RC3742904,6_27|1_27|0_28|2_27|2_17|2_26|5_27|4_14|4_25|1_26
RC3743304,6_27|1_27|0_28|4_0|2_29|2_26|5_27|1_26|4_25|6_17
RC3768043,6_27|1_27|2_27|2_17|2_26|4_0|2_29|0_20|4_25|4_14
RC3774388,6_27|1_27|0_28|2_17|2_29|2_26|5_27|4_14|1_26|2_20
RC3815558,6_27|1_27|0_28|2_17|2_27|2_26|2_29|5_27|0_20|1_26
RC3843722,6_27|1_27|0_28|2_27|2_26|2_20|2_29|5_27|4_25|4_0
RC3851537,6_27|1_27|0_28|2_27|2_29|4_0|5_27|4_14|1_26|2_20
RC3857484,1_27|0_28|2_27|4_0|2_26|2_29|5_27|2_20|1_26|4_14
RC3859359,6_27|0_28|2_27|2_20|2_17|2_26|2_29|0_20|5_27|4_0
RC3866105,6_27|1_27|0_28|2_17|2_27|2_26|0_20|2_29|5_27|4_0
RC3874616,6_27|1_27|0_28|2_27|2_20|2_29|5_27|4_0|1_26|4_25
RC3884794,6_27|1_27|0_28|2_27|4_0|2_29|2_26|5_27|1_26|0_20
RC3888762,6_27|1_27|0_28|2_27|2_29|2_26|4_0|5_27|4_14|1_26
RC3901528,6_27|1_27|0_28|2_27|4_0|2_20|2_29|5_27|0_20|1_26
RC3910853,6_27|2_17|2_27|2_20|2_26|2_29|5_27|4_25|1_26|4_26
RC3923536,6_27|1_27|0_28|2_17|4_0|2_26|2_29|5_27|2_20|1_26
RC3940064,6_27|1_27|0_28|2_27|2_29|2_26|5_27|4_14|1_26|0_20
RC3946056,6_27|1_27|0_28|2_17|4_0|2_29|5_27|2_20|0_20|1_26
RC3958261,6_27|1_27|0_28|2_27|2_17|2_26|5_27|4_0|1_26|4_25
RC3960253,6_27|1_27|0_28|2_27|2_17|2_26|2_29|4_0|2_20|5_27
RC3965725,6_27|1_27|0_28|2_17|4_0|2_29|5_27|1_26|0_20|4_25
RC3970322,6_27|1_27|0_28|2_27|4_0|2_17|2_26|2_29|0_20|4_25
RC3970467,1_27|0_28|2_27|2_17|4_0|2_26|2_29|5_27|1_26|4_14
RC3996481,6_27|1_27|0_28|2_17|2_20|2_29|5_27|2_26|0_20|4_0
RC3998066,6_27|1_27|2_17|0_28|2_27|2_26|2_20|4_0|2_29|5_27
RC4006963,6_27|1_27|2_17|0_28|2_27|2_26|2_29|5_27|4_25|4_14
RC4010594,6_27|1_27|0_28|2_17|2_27|2_29|4_0|5_27|2_20|1_26
RC4025391,6_27|2_17|2_27|0_28|2_26|2_29|4_0|2_20|4_14|0_20
RC4025436,6_27|1_27|0_28|2_17|2_27|2_29|5_27|4_0|4_14|1_26
RC4073886,6_27|1_27|0_28|2_17|2_27|2_26|2_29|4_0|5_27|4_14
RC4088637,6_27|1_27|2_17|2_27|2_20|2_26|2_29|4_0|4_14|5_27
RC4099161,6_27|0_28|2_27|2_17|2_26|2_29|2_20|4_0|5_27|4_25
RC4102130,6_27|1_27|2_17|0_28|2_27|2_26|2_29|4_0|2_20|4_14
RC4102363,6_27|1_27|0_28|2_27|2_26|2_29|5_27|0_20|1_26|4_25
RC4104651,6_27|1_27|0_28|2_20|4_0|2_29|2_26|5_27|1_26|4_14
RC4105661,6_27|1_27|2_17|2_27|2_26|2_29|4_0|4_25|1_26|0_20
RC4113189,6_27|1_27|0_28|2_17|2_20|2_29|5_27|1_26|6_8|4_26
RC4120040,1_27|0_28|2_27|2_17|4_0|2_26|2_29|5_27|1_26|4_25
RC4122708,6_27|0_28|2_27|2_17|2_26|2_29|5_27|2_20|4_25|4_14
RC4142768,6_27|1_27|0_28|2_17|2_29|4_0|2_26|5_27|1_26|4_14
RC4145035,6_27|1_27|2_17|2_27|4_0|2_26|2_20|2_29|5_27|4_25
RC4154114,6_27|1_27|0_28|2_27|2_26|2_29|5_27|4_25|1_26|2_20
RC4173457,6_27|1_27|2_17|2_27|2_26|2_20|2_29|5_27|0_20|4_25
RC4176857,6_27|1_27|2_17|2_27|2_20|2_26|2_29|4_25|4_14|5_27
RC4180314,6_27|1_27|0_28|2_27|2_17|2_29|2_26|2_20|5_27|1_26
RC4190208,6_27|1_27|0_28|2_27|4_0|2_26|2_29|5_27|4_14|1_26
RC4190403,6_27|1_27|2_17|0_28|2_27|2_26|2_20|2_29|4_0|5_27
RC4193000,6_27|1_27|2_17|2_27|0_28|2_26|2_29|4_25|1_26|4_14
RC4194609,6_27|1_27|0_28|2_17|2_27|2_20|5_27|1_26|4_14|5_22
RC4207026,6_27|1_27|2_17|0_28|2_27|4_0|2_20|2_29|5_27|4_14
RC4210714,6_27|1_27|0_28|2_27|2_20|2_29|5_27|4_0|0_20|1_26
RC4215653,1_27|0_28|2_27|2_17|2_29|5_27|0_20|2_20|1_26|4_0
RC4244192,6_27|1_27|0_28|2_27|2_26|2_29|2_20|4_25|1_26|4_26
RC4246807,1_27|0_28|2_17|2_27|2_26|2_20|2_29|5_27|0_20|1_26
RC4256656,6_27|1_27|0_28|2_27|2_17|2_20|2_26|2_29|4_14|4_25
RC4267951,6_27|1_27|0_28|2_27|2_20|2_26|2_29|4_0|5_27|4_25
RC4291622,6_27|1_27|0_28|2_27|4_0|2_26|2_29|5_27|2_20|1_26
RC4297551,6_27|1_27|0_28|2_27|2_20|4_0|2_26|2_29|5_27|4_25
RC4300632,6_27|1_27|0_28|2_17|2_29|5_27|4_0|0_20|1_26|4_25
RC4312535,6_27|1_27|2_17|2_27|2_26|2_20|2_29|5_27|6_8|4_25
RC4313080,6_27|1_27|2_17|0_28|2_27|2_29|2_20|5_27|4_0|2_26
RC4320763,1_27|0_28|2_17|4_0|2_20|2_26|2_29|5_27|1_26|4_14
RC4328072,6_27|1_27|2_17|0_28|2_20|4_0|2_29|5_27|4_14|1_26
RC4341144,6_27|1_27|0_28|2_17|2_27|2_26|2_29|4_0|5_27|4_14
RC4349440,6_27|1_27|0_28|2_27|4_14|2_20|4_0|5_27|2_17|2_26
RC4351167,6_27|1_27|2_17|0_28|2_27|2_26|2_29|4_0|5_27|4_25
RC4385011,6_27|1_27|0_28|2_17|2_27|4_0|2_20|2_26|2_29|5_27
RC4385638,6_27|1_27|0_28|2_27|2_17|2_26|2_29|5_27|2_20|4_25
RC4399701,6_27|1_27|0_28|2_27|2_26|2_29|4_0|5_27|0_20|4_25
RC4406816,6_27|1_27|2_17|0_28|2_27|4_0|2_26|2_29|5_27|2_20
RC4407691,6_27|1_27|0_28|2_27|2_26|2_29|2_17|5_27|2_20|4_0
RC4408098,1_27|0_28|2_17|2_27|2_26|2_29|4_0|5_27|4_14|1_26
RC4421161,6_27|1_27|0_28|2_27|4_0|4_14|2_20|5_27|2_17|1_26
RC4443031,6_27|1_27|2_17|2_27|2_26|4_0|2_29|5_27|4_14|4_25
RC4461027,6_27|1_27|0_28|2_27|2_17|2_26|2_29|2_20|5_27|4_25
RC4473103,6_27|1_27|0_28|2_27|2_26|2_29|5_27|1_26|4_25|2_20
RC4493286,6_27|1_27|0_28|2_27|2_26|2_29|5_27|1_26|0_20|4_0
RC4495283,6_27|1_27|2_17|0_28|2_27|2_26|4_0|2_29|2_20|5_27
RC4517641,6_27|1_27|0_28|2_27|2_20|2_29|5_27|4_14|0_20|1_26
RC4519017,6_27|1_27|0_28|2_17|2_27|4_0|2_26|2_29|5_27|2_20
RC4554404,6_27|1_27|0_28|2_27|2_17|2_29|5_27|4_0|2_20|1_26
RC4583069,6_27|1_27|0_28|2_27|2_26|5_27|2_20|4_0|1_26|4_26
RC4584639,6_27|1_27|2_17|0_28|2_27|4_0|2_29|2_20|2_26|5_27
RC4615420,1_27|0_28|2_20|2_26|5_27|1_26|4_25|6_17|4_26|5_22
RC4629389,6_27|1_27|0_28|2_27|2_17|2_26|2_29|5_27|4_25|1_26
RC4644190,6_27|1_27|0_28|2_17|2_29|2_26|5_27|4_14|4_0|1_26
RC4654914,6_27|1_27|0_28|2_27|2_26|2_29|5_27|2_20|4_25|1_26
RC4656467,6_27|1_27|0_28|2_27|2_20|2_29|4_0|5_27|2_17|1_26
RC4663951,6_27|1_27|0_28|2_27|2_17|2_26|2_29|4_0|2_20|4_14
RC4673979,6_27|1_27|0_28|2_17|2_26|2_29|2_20|5_27|4_0|4_14
RC4674951,6_27|1_27|2_17|0_28|2_27|2_20|2_29|0_20|5_27|4_0
RC4678471,6_27|2_27|0_28|2_17|2_26|2_29|2_20|0_20|4_25|4_14
RC4683674,1_27|0_28|2_17|2_27|4_0|2_26|2_29|5_27|4_14|1_26
RC4717981,6_27|1_27|2_17|0_28|2_27|4_0|2_20|2_29|2_26|5_27
RC4725876,6_27|1_27|0_28|2_17|2_20|2_29|4_0|5_27|0_20|1_26
RC4733762,1_27|0_28|0_20|2_29|4_0|5_27|2_20|1_26|4_14|5_22
RC4762781,6_27|2_17|0_28|2_27|2_20|2_26|2_29|4_25|4_14|4_26
RC4778603,6_27|1_27|0_28|2_27|4_0|2_17|2_26|2_29|5_27|2_20
RC4787913,6_27|1_27|2_17|0_28|2_27|4_0|2_20|2_26|2_29|5_27
RC4788411,6_27|1_27|0_28|2_27|2_17|2_29|2_26|2_20|5_27|0_20
RC4803473,6_27|1_27|2_17|0_28|2_27|2_20|2_29|2_26|5_27|1_26
RC4805503,6_27|1_27|0_28|2_27|2_17|2_26|2_29|5_27|4_25|1_26
RC4817896,6_27|1_27|0_28|2_17|2_27|2_26|2_29|5_27|0_20|4_14
RC4829417,6_27|1_27|0_28|2_17|4_0|2_29|2_26|5_27|1_26|4_25
RC4840792,6_27|1_27|2_17|0_28|2_27|2_26|2_29|2_20|5_27|0_20
RC4842708,6_27|1_27|0_28|2_27|2_26|2_29|5_27|4_25|4_0|1_26
RC4850129,6_27|1_27|2_27|0_28|2_26|2_17|2_29|4_25|6_17|1_26
RC4858734,6_27|1_27|0_28|2_27|2_26|0_20|2_20|2_17|2_29|5_27
RC4859212,1_27|2_17|0_28|2_27|2_26|4_0|2_29|2_20|5_27|1_26
RC4870197,6_27|1_27|0_28|2_27|4_0|5_27|1_26|4_14|4_26|5_22
RC4908805,6_27|1_27|2_17|0_28|2_27|2_26|2_20|2_29|4_0|5_27
RC4915387,6_27|1_27|0_28|2_27|4_0|2_26|2_20|2_29|0_20|4_25
RC4924624,6_27|2_17|0_28|2_27|2_26|4_0|2_29|4_14|5_27|4_25
RC4925313,6_27|1_27|0_28|2_17|2_27|2_26|2_29|2_20|5_27|4_0
RC4926623,6_27|1_27|2_17|0_28|2_27|2_26|4_0|2_29|4_25|1_26
RC4943795,6_27|1_27|0_28|2_27|2_29|2_26|5_27|4_0|2_17|0_20
RC4950924,6_27|1_27|0_28|2_27|2_26|4_0|2_29|5_27|1_26|4_14
RC4951027,6_27|1_27|0_28|2_27|2_17|2_26|2_29|5_27|4_25|1_26
RC4964967,6_27|1_27|2_17|0_28|2_27|2_26|4_0|2_29|4_14|5_27
RC4982929,6_27|1_27|0_28|2_27|2_29|4_0|5_27|1_26|2_20|0_20
RC5021135,6_27|1_27|0_28|2_27|2_17|2_29|5_27|4_0|2_20|1_26
RC5044136,1_27|0_28|2_27|4_0|2_26|2_29|5_27|1_26|0_20|2_20
RC5045424,6_27|1_27|0_28|2_27|2_17|2_26|2_29|5_27|4_0|1_26
RC5055729,6_27|1_27|0_28|2_17|4_0|2_29|2_26|5_27|0_20|1_26
RC5056216,6_27|1_27|0_28|4_0|2_27|2_26|2_29|2_20|5_27|4_25
RC5064556,6_27|1_27|0_28|2_17|2_29|5_27|0_20|1_26|4_25|6_17
RC5075078,1_27|0_28|2_17|2_27|4_0|4_14|5_27|1_26|4_25|6_17
RC5099417,6_27|2_17|0_28|2_27|2_26|2_29|2_20|5_27|4_14|4_25
RC5099467,6_27|1_27|0_28|2_27|2_17|2_26|2_29|5_27|2_20|4_25
RC5103459,1_27|0_28|5_27|2_26|2_20|4_0|0_20|1_26|4_25|5_7
RC5110863,6_27|1_27|2_17|0_28|2_27|4_0|2_20|2_26|2_29|5_27
RC5122237,1_27|0_28|2_17|4_0|5_27|2_26|2_20|1_26|4_25|4_14
RC5176513,6_27|1_27|0_28|2_27|2_20|2_26|2_17|4_14|2_29|5_27
RC5184115,6_27|1_27|0_28|2_27|2_17|2_29|2_26|5_27|4_14|4_0
RC5187824,6_27|1_27|0_28|2_27|2_29|5_27|4_14|2_26|2_20|4_0
RC5189520,6_27|1_27|2_27|4_0|2_20|2_26|0_20|2_29|4_25|4_26
RC5194302,6_27|1_27|2_17|2_27|2_26|2_29|4_0|4_14|2_20|5_27
RC5195044,6_27|1_27|0_28|2_17|2_29|5_27|4_0|4_14|1_26|4_25
RC5198668,6_27|1_27|2_17|0_28|2_27|2_20|2_26|2_29|5_27|0_20
RC5209189,6_27|1_27|0_28|2_17|2_29|2_26|5_27|0_20|4_0|1_26
RC5220604,6_27|1_27|0_28|2_27|2_17|2_26|2_29|5_27|4_0|2_20
RC5229347,6_27|1_27|0_28|2_27|2_26|2_17|4_0|2_29|5_27|2_20
RC5256510,6_27|1_27|0_28|2_27|2_26|2_29|4_0|5_27|4_25|1_26
RC5274082,6_27|1_27|2_17|0_28|2_27|2_26|2_29|4_25|1_26|0_20
RC5278664,6_27|1_27|0_28|2_17|2_27|4_0|2_29|2_26|5_27|4_14
RC5303993,1_27|0_28|2_27|4_0|5_27|2_20|1_26|4_25|0_20|4_14
RC5315384,6_27|1_27|0_28|4_0|2_29|2_26|5_27|1_26|4_25|4_14
RC5324881,6_27|1_27|0_28|2_17|2_29|2_20|5_27|4_0|2_26|0_20
RC5326789,6_27|1_27|0_28|2_27|2_17|2_26|2_29|5_27|4_0|4_25
RC5330964,6_27|1_27|2_27|0_28|2_26|2_17|2_29|0_20|4_25|1_26
RC5351879,6_27|1_27|0_28|2_29|0_20|5_27|4_0|2_26|2_20|1_26
RC5364355,6_27|1_27|2_27|2_26|2_29|2_20|4_0|4_25|4_14|1_26
RC5364770,6_27|1_27|0_28|2_17|2_27|2_20|2_29|2_26|0_20|5_27
RC5375482,6_27|1_27|2_17|0_28|2_27|4_0|2_29|2_26|5_27|6_8
RC5376512,6_27|1_27|0_28|2_27|2_17|4_0|2_26|2_29|5_27|4_25
RC5384667,6_27|1_27|0_28|2_29|2_26|4_0|5_27|2_20|0_20|1_26
RC5394479,1_27|0_28|2_27|2_17|2_26|2_20|5_27|2_29|4_0|4_25
RC5406751,1_27|0_28|2_27|4_14|2_20|5_27|4_0|0_20|2_26|1_26
RC5416970,6_27|2_17|2_27|4_0|2_26|2_29|4_14|4_25|6_17|0_20
RC5418302,1_27|0_28|2_17|2_27|2_26|2_29|5_27|1_26|4_25|4_0
RC5418907,6_27|1_27|0_28|2_27|2_17|2_26|2_29|2_20|5_27|4_0
RC5423371,6_27|1_27|0_28|2_27|2_17|4_0|2_26|2_29|5_27|2_20
RC5430567,6_27|2_17|2_27|2_20|2_26|2_29|4_25|5_27|4_14|4_26
RC5435309,6_27|1_27|0_28|2_27|2_17|4_0|2_29|5_27|1_26|4_14
RC5450933,6_27|1_27|0_28|2_27|2_17|2_26|2_29|4_14|2_20|5_27
RC5459492,6_27|1_27|0_28|2_27|2_26|2_29|5_27|2_20|1_26|4_14
RC5474114,6_27|2_17|0_28|2_27|2_26|2_29|5_27|4_25|1_26|4_14
RC5482403,6_27|1_27|0_28|2_17|2_27|2_29|5_27|4_14|0_20|1_26
RC5499863,1_27|0_28|2_27|4_0|5_27|2_20|1_26|4_14|4_25|0_20
RC5513916,6_27|1_27|0_28|2_27|2_26|2_29|5_27|0_20|1_26|6_17
RC5514745,6_27|2_27|2_17|4_0|2_26|2_29|0_20|5_27|4_25|6_17
RC5527310,6_27|1_27|0_28|2_27|2_17|2_26|2_29|4_0|5_27|4_14
RC5542187,6_27|1_27|0_28|2_27|2_26|2_29|5_27|4_0|2_17|1_26
RC5552306,6_27|1_27|0_28|2_27|2_17|2_26|4_0|2_29|0_20|2_20
RC5554193,6_27|1_27|2_27|2_26|2_29|2_20|4_0|5_27|4_14|4_25
RC5556288,6_27|1_27|2_27|0_28|2_26|2_29|4_25|5_27|0_20|4_26
RC5564312,6_27|1_27|0_28|2_27|2_17|2_26|2_29|4_0|5_27|0_20
RC5567959,1_27|0_28|2_17|2_27|2_20|2_26|4_0|5_27|1_26|4_25
RC5568436,6_27|1_27|0_28|2_27|2_17|2_29|4_0|2_26|5_27|1_26
RC5579768,6_27|1_27|0_28|2_27|2_26|2_20|2_29|5_27|4_0|4_14
RC5580297,6_27|1_27|0_28|2_27|2_17|2_26|2_29|2_20|5_27|0_20
RC5604425,6_27|1_27|2_17|0_28|2_27|2_20|4_0|2_26|0_20|2_29
RC5608124,6_27|1_27|0_28|2_17|2_27|2_26|2_29|5_27|4_0|4_14
RC5610289,6_27|1_27|0_28|2_27|2_17|4_0|2_29|2_26|5_27|0_20
RC5611785,6_27|1_27|0_28|2_17|2_29|4_0|5_27|2_26|2_20|4_14
RC5620935,1_27|0_28|2_17|2_27|2_26|2_29|5_27|2_20|4_14|1_26
RC5655463,6_27|1_27|0_28|2_27|2_17|2_29|5_27|4_0|2_20|1_26
RC5666084,6_27|1_27|0_28|2_17|2_27|2_20|4_0|2_29|5_27|1_26
RC5667183,6_27|1_27|0_28|2_27|2_20|2_26|2_29|0_20|5_27|1_26
RC5676203,6_27|1_27|0_28|2_17|2_27|2_26|2_20|5_27|4_0|4_25
RC5677307,1_27|2_17|0_28|5_27|2_20|1_26|0_20|4_25|6_17|4_27
RC5678009,6_27|1_27|0_28|2_17|2_27|2_29|2_26|5_27|4_14|1_26
RC5679986,6_27|2_17|0_28|2_27|2_20|2_26|2_29|5_27|4_14|4_25
RC5681873,6_27|1_27|4_0|0_28|2_27|2_26|2_29|4_14|5_7|0_15
RC5688005,6_27|1_27|0_28|4_0|2_29|5_27|2_20|1_26|4_14|0_20
RC5690334,6_27|1_27|0_28|2_17|2_27|4_0|2_26|2_20|2_29|5_27
RC5690672,6_27|1_27|2_17|0_28|2_27|4_0|2_26|2_29|5_27|2_20
RC5714144,6_27|0_28|2_17|2_27|2_26|2_29|5_27|4_25|1_26|2_20
RC5724616,6_27|1_27|0_28|2_27|2_26|2_29|5_27|4_25|1_26|0_20
RC5730079,6_27|1_27|0_28|2_27|2_17|2_26|2_29|5_27|1_26|4_25
RC5734688,6_27|1_27|0_28|2_17|2_20|2_29|5_27|4_14|1_26|4_25
RC5740219,6_27|2_27|0_28|2_17|2_26|2_29|2_20|4_0|4_14|0_20
RC5798635,6_27|1_27|2_17|0_28|2_27|2_26|2_29|5_27|0_20|4_25
RC5803034,6_27|1_27|0_28|2_27|2_26|2_29|5_27|2_17|2_20|4_25
RC5810406,6_27|1_27|2_17|2_27|0_28|2_26|2_20|2_29|4_0|4_25
RC5816337,6_27|1_27|2_17|0_28|2_27|2_26|2_29|4_0|5_27|2_20
RC5819231,6_27|1_27|2_17|0_28|2_27|2_29|5_27|1_26|4_14|4_26
RC5831380,6_27|1_27|0_28|2_27|2_17|4_0|2_20|2_26|2_29|5_27
RC5842038,6_27|1_27|0_28|2_27|2_29|2_26|5_27|2_20|0_20|1_26
RC5857317,6_27|1_27|0_28|2_27|2_26|2_17|0_20|2_29|5_27|4_0
RC5884420,6_27|1_27|0_28|2_17|2_27|2_29|5_27|0_20|1_26|4_25
RC5893855,6_27|1_27|2_27|2_17|4_0|4_14|2_26|2_29|2_20|4_25
RC5894357,6_27|1_27|0_28|2_27|2_26|2_29|5_27|0_20|4_0|4_25
RC5898417,1_27|0_28|2_17|2_27|2_26|2_29|2_20|4_0|5_27|0_20
RC5969023,6_27|1_27|0_28|2_17|2_27|2_29|5_27|4_0|1_26|4_25
RC5970263,6_27|1_27|2_17|0_28|4_0|2_20|5_27|0_20|4_25|1_26
RC5996278,6_27|1_27|0_28|2_27|2_26|2_29|5_27|4_0|0_20|2_20
RC6012032,1_27|0_28|2_17|2_27|2_26|2_29|5_27|4_0|1_26|0_20
RC6037045,6_27|1_27|0_28|2_27|2_29|5_27|2_20|1_26|4_25|0_20
RC6038692,6_27|1_27|0_28|4_0|2_29|2_26|5_27|2_20|4_14|1_26
RC6063379,6_27|1_27|2_17|0_28|2_27|0_20|2_26|2_20|2_29|5_27
RC6070152,6_27|1_27|0_28|2_17|2_27|0_20|4_0|2_29|2_20|2_26
RC6079756,1_27|0_28|2_17|5_27|2_29|1_26|2_20|4_0|0_20|6_17
RC6084892,6_27|1_27|0_28|2_27|2_29|4_0|2_17|5_27|2_26|0_20
RC6087382,6_27|1_27|0_28|2_27|2_17|4_0|2_29|5_27|2_20|2_26
RC6094225,6_27|1_27|0_28|2_27|2_17|2_26|2_29|5_27|1_26|4_25
RC6100597,6_27|1_27|0_28|2_27|2_17|2_29|2_20|2_26|5_27|0_20
RC6103350,6_27|2_17|0_28|2_27|2_26|2_20|2_29|4_0|5_27|4_25
RC6105436,6_27|1_27|0_28|2_29|5_27|1_26|4_25|4_26|3_5|3_1
RC6129744,6_27|1_27|2_17|2_27|4_0|2_20|2_26|2_29|5_27|4_25
RC6135083,6_27|1_27|0_28|2_17|2_20|2_26|4_0|5_27|1_26|4_25
RC6148556,6_27|1_27|0_28|2_17|2_27|2_26|2_29|2_20|5_27|4_0
RC6154787,6_27|1_27|0_28|2_17|2_27|2_20|5_27|0_20|4_0|1_26
RC6156624,6_27|1_27|2_17|0_28|2_27|2_26|2_29|2_20|4_14|4_25
RC6178647,1_27|2_17|0_28|2_27|2_26|2_29|5_27|2_20|1_26|4_26
RC6210548,6_27|1_27|2_17|0_28|2_27|2_26|2_20|2_29|5_27|4_25
RC6226090,6_27|1_27|0_28|2_17|2_27|4_0|2_26|2_29|5_27|4_14
RC6226596,6_27|1_27|0_28|2_27|2_17|2_20|2_26|2_29|5_27|1_26
RC6240746,6_27|1_27|2_17|0_28|2_20|2_27|2_29|2_26|5_27|1_26
RC6252076,6_27|1_27|0_28|2_17|2_27|2_26|2_29|2_20|5_27|4_25
RC6263498,6_27|1_27|0_28|2_27|2_17|2_26|2_29|5_27|4_0|4_14
RC6270153,6_27|1_27|2_17|2_27|2_26|2_29|4_25|6_17|1_26|4_26
RC6282859,6_27|1_27|0_28|2_27|2_17|2_20|2_29|2_26|5_27|4_0
RC6295864,6_27|1_27|0_28|2_27|2_26|2_29|5_27|1_26|4_25|5_22
RC6308844,6_27|1_27|0_28|4_0|2_27|2_17|2_20|2_26|2_29|5_27
RC6310148,6_27|1_27|0_28|2_27|2_29|5_27|2_20|1_26|4_14|4_25
RC6324586,6_27|1_27|0_28|2_20|2_17|2_29|2_26|5_27|4_0|4_14
RC6344179,6_27|1_27|0_28|2_17|2_27|2_26|2_29|5_27|1_26|4_25
RC6349906,6_27|1_27|0_28|2_27|2_17|4_0|2_26|5_27|2_20|4_14
RC6352122,6_27|1_27|0_28|2_27|2_29|5_27|4_0|0_20|1_26|6_17
RC6357537,6_27|1_27|2_17|0_28|2_27|2_29|5_27|2_20|1_26|0_20
RC6375684,6_27|1_27|2_17|0_28|4_0|2_20|2_29|5_27|2_26|4_14
RC6388656,6_27|0_28|2_17|2_27|2_20|2_26|2_29|5_27|0_20|4_25
RC6427539,6_27|1_27|0_28|2_17|2_27|2_26|2_29|5_27|2_20|4_25
RC6434240,6_27|1_27|2_17|0_28|2_27|4_0|2_26|2_20|5_27|0_20
RC6441440,6_27|1_27|0_28|2_17|4_0|2_29|2_26|5_27|0_20|2_20
RC6450321,6_27|1_27|0_28|2_17|2_27|2_20|2_29|5_27|4_14|1_26
RC6451975,6_27|1_27|0_28|2_27|2_17|2_26|2_29|5_27|4_25|1_26
RC6458402,6_27|1_27|0_28|2_17|2_26|2_29|5_27|4_0|5_7|1_26
RC6461106,6_27|1_27|2_17|0_28|2_27|2_26|2_29|5_27|2_20|4_25
RC6472099,6_27|1_27|0_28|2_27|2_17|4_0|2_26|2_29|2_20|0_20
RC6480618,6_27|1_27|0_28|2_27|2_29|5_27|2_26|2_17|2_20|1_26
RC6481573,6_27|1_27|2_17|0_28|2_27|4_0|2_26|2_29|5_27|2_20
RC6490140,6_27|1_27|0_28|2_27|2_17|2_26|2_29|5_27|4_25|1_26
RC6515591,6_27|1_27|0_28|2_27|2_29|4_0|5_27|0_20|1_26|4_14
RC6530964,6_27|2_17|0_28|2_27|2_26|2_29|4_0|4_14|5_27|4_25
RC6543003,6_27|2_17|2_27|4_0|2_20|2_26|2_29|4_14|4_25|5_27
RC6567810,6_27|1_27|0_28|2_27|2_26|2_29|2_17|5_27|4_0|0_20
RC6573081,6_27|1_27|0_28|2_27|4_0|2_29|2_26|2_20|5_27|1_26
RC6581626,6_27|1_27|2_17|0_28|2_27|4_0|2_20|2_26|2_29|5_27
RC6595159,1_27|2_17|0_28|2_27|2_26|2_29|5_27|1_26|4_26|6_8
RC6627665,6_27|1_27|0_28|2_27|4_0|2_26|2_29|2_17|5_27|2_20
RC6629215,6_27|1_27|0_28|2_17|2_27|2_26|5_27|4_14|1_26|4_25
RC6676017,6_27|2_27|2_17|2_26|2_29|4_0|4_14|5_27|4_25|2_20
RC6677984,6_27|1_27|0_28|2_17|2_27|2_20|2_26|2_29|5_27|4_0
RC6682378,6_27|1_27|0_28|2_17|2_20|2_29|5_27|0_20|1_26|4_14
RC6688616,6_27|1_27|2_17|0_28|2_27|2_26|2_29|5_27|4_14|4_25
RC6695483,6_27|1_27|2_17|0_28|2_27|2_26|2_29|2_20|4_25|1_26
RC6725107,6_27|1_27|2_17|0_28|2_27|2_26|2_29|5_27|2_20|4_0
RC6730771,6_27|1_27|0_28|2_17|2_27|2_29|5_27|0_20|1_26|4_26
RC6750946,6_27|2_27|2_17|0_28|2_26|2_29|0_20|4_25|4_14|4_26
RC6770949,6_27|1_27|0_28|2_27|2_26|2_29|5_27|1_26|4_25|4_0
RC6771027,6_27|1_27|0_28|2_27|2_26|2_29|4_14|5_27|1_26|4_25
RC6799002,6_27|1_27|0_28|2_27|2_17|2_26|4_0|2_29|5_27|0_20
RC6809728,6_27|1_27|0_28|2_17|2_27|2_26|2_29|2_20|5_27|1_26
RC6818472,6_27|1_27|2_17|0_28|2_27|2_26|2_29|5_27|4_25|6_17
RC6821524,6_27|1_27|2_27|2_26|4_0|2_29|1_26|2_20|4_25|4_14
RC6840627,6_27|1_27|0_28|2_27|2_17|2_29|4_0|2_26|5_27|1_26
RC6860992,6_27|1_27|0_28|2_17|2_29|4_0|2_26|5_27|0_20|1_26
RC6864020,6_27|1_27|2_27|0_28|2_26|2_29|2_20|5_27|4_25|4_14
RC6867259,6_27|1_27|0_28|2_27|2_17|2_20|2_26|5_27|0_20|1_26
RC6883277,6_27|1_27|2_17|0_28|2_27|4_0|2_26|2_29|2_20|5_27
RC6899028,6_27|1_27|0_28|2_17|2_27|2_26|2_20|2_29|4_0|5_27
RC6899039,6_27|1_27|0_28|2_27|2_17|2_29|2_26|0_20|5_27|1_26
RC6913612,6_27|1_27|0_28|2_27|2_26|2_17|2_29|0_20|5_27|4_0
RC6916891,6_27|1_27|0_28|2_27|4_0|2_26|2_29|0_20|2_20|4_25
RC6951950,6_27|1_27|2_17|2_27|4_0|2_26|2_29|4_14|5_27|2_20
RC6958385,6_27|1_27|2_17|2_27|4_0|2_20|2_26|2_29|5_27|4_25
RC6959525,6_27|1_27|0_28|2_27|2_26|2_29|5_27|4_0|4_14|4_25
RC6961207,6_27|1_27|0_28|2_27|2_17|2_20|2_26|2_29|5_27|4_25
RC6966633,6_27|1_27|2_17|0_28|4_0|2_29|5_27|2_20|2_26|4_14
RC6972496,6_27|1_27|0_28|2_27|2_17|2_26|2_29|5_27|4_0|2_20
RC6976676,6_27|1_27|0_28|2_27|4_0|2_29|2_26|5_27|4_14|2_20
RC6986644,6_27|1_27|0_28|2_17|2_27|4_0|5_27|0_20|2_20|1_26
RC6990285,6_27|1_27|0_28|2_17|2_27|2_26|2_29|5_27|4_0|4_14
RC6992841,1_27|2_17|0_28|2_27|2_20|5_27|2_29|2_26|1_26|4_14
RC7000141,6_27|1_27|2_17|4_0|2_20|2_27|2_26|0_20|6_8|2_29
RC7004862,6_27|1_27|0_28|2_27|2_17|4_0|2_26|2_29|2_20|5_27
RC7006281,6_27|1_27|0_28|2_27|2_29|5_27|4_0|1_26|6_17|0_20
RC7006288,6_27|1_27|0_28|2_27|2_26|2_29|2_17|5_27|4_0|4_25
RC7012665,6_27|1_27|0_28|2_27|2_17|2_29|5_27|2_20|1_26|6_17
RC7018598,6_27|1_27|0_28|2_27|2_17|2_20|2_29|5_27|1_26|0_20
RC7032560,6_27|1_27|0_28|2_17|2_27|2_26|2_29|5_27|4_25|1_26
RC7033951,6_27|1_27|0_28|2_27|2_29|2_26|5_27|2_20|1_26|4_14
RC7042851,6_27|1_27|2_27|2_17|0_28|2_26|2_20|2_29|4_25|4_0
RC7053873,6_27|1_27|0_28|2_17|2_20|2_29|2_26|5_27|4_0|1_26
RC7058284,6_27|1_27|0_28|2_27|4_0|2_26|2_29|5_27|2_20|2_17
RC7061707,6_27|1_27|0_28|2_27|2_29|2_20|2_26|5_27|0_20|1_26
RC7064059,6_27|1_27|2_17|0_28|2_29|2_20|2_26|5_27|0_20|4_0
RC7066756,6_27|1_27|0_28|2_20|2_26|2_29|5_27|4_14|1_26|4_25
RC7082479,6_27|1_27|0_28|2_17|2_27|2_26|2_29|4_0|4_25|4_26
RC7111566,6_27|1_27|0_28|2_27|2_26|2_20|2_29|5_27|1_26|4_0
RC7114961,6_27|1_27|0_28|2_27|2_17|2_26|2_29|5_27|4_0|1_26
RC7124292,6_27|1_27|2_17|0_28|2_27|2_26|2_20|2_29|4_0|4_25
RC7127228,6_27|1_27|0_28|2_17|2_27|2_26|2_20|2_29|5_27|4_14
RC7148965,6_27|0_28|2_27|2_26|2_29|2_20|4_25|4_26|4_27|5_22
RC7162630,1_27|0_28|4_0|2_26|5_27|1_26|4_26|4_27|6_8|5_7
RC7163906,1_27|0_28|2_17|2_27|2_20|2_29|5_27|0_20|1_26|6_17
RC7187852,6_27|1_27|2_27|2_17|4_0|2_20|2_26|2_29|4_14|4_25
RC7224447,1_27|0_28|2_17|2_27|2_26|2_29|5_27|2_20|1_26|4_26
RC7224545,6_27|2_27|4_0|2_26|2_29|2_20|0_20|4_25|4_14|1_26
RC7225544,6_27|1_27|0_28|4_0|2_29|5_27|2_26|4_14|0_20|6_17
RC7230052,6_27|1_27|0_28|2_17|2_29|4_0|2_26|5_27|0_20|2_20
RC7239767,1_27|0_28|2_27|2_17|2_26|2_29|5_27|1_26|4_0|0_20
RC7247794,6_27|1_27|0_28|2_27|2_17|2_26|2_29|5_27|4_25|4_0
RC7282523,6_27|1_27|2_17|0_28|2_27|2_26|2_29|4_0|5_27|1_26
RC7286254,1_27|2_17|0_28|2_27|5_27|2_29|2_26|0_20|4_14|4_0
RC7304527,6_27|1_27|0_28|2_17|2_29|5_27|4_0|4_14|1_26|4_25
RC7305871,6_27|1_27|0_28|2_27|2_17|2_29|2_26|2_20|5_27|1_26
RC7342819,6_27|1_27|0_28|2_27|2_26|2_29|5_27|4_25|1_26|6_17
RC7343846,6_27|1_27|0_28|2_27|2_26|2_29|4_0|5_27|4_25|0_20
RC7367704,6_27|1_27|0_28|2_17|2_29|2_20|2_26|4_0|5_27|1_26
RC7375438,6_27|1_27|0_28|2_17|2_27|2_26|2_29|4_0|5_27|0_20
RC7380678,6_27|1_27|0_28|2_27|2_17|2_26|2_29|4_0|5_27|4_25
RC7402398,6_27|1_27|0_28|2_27|2_26|2_29|4_0|2_20|4_25|4_14
RC7403093,6_27|1_27|2_17|0_28|2_27|2_26|2_29|4_0|5_27|4_14
RC7404847,6_27|1_27|0_28|2_27|2_17|2_26|4_0|2_29|2_20|4_14
RC7407786,6_27|1_27|2_17|0_28|2_27|2_26|2_29|5_27|4_25|0_20
RC7408925,6_27|2_27|0_28|2_20|2_26|2_29|0_20|4_0|4_25|5_27
RC7409607,6_27|1_27|0_28|2_17|4_0|2_29|2_26|2_20|5_27|0_20
RC7411788,6_27|1_27|2_17|0_28|2_27|2_26|2_29|2_20|5_27|4_25
RC7433961,6_27|1_27|0_28|2_27|2_17|2_26|2_29|5_27|2_20|4_25
RC7436314,1_27|0_28|4_0|2_29|5_27|0_20|4_14|1_26|4_25|6_17
RC7446299,6_27|1_27|0_28|2_27|4_0|2_29|5_27|0_20|1_26|4_14
RC7457417,6_27|1_27|0_28|2_17|2_27|4_0|5_27|0_20|2_20|1_26
RC7467989,6_27|1_27|0_28|2_27|2_26|2_29|2_20|1_26|4_25|4_26
RC7489424,6_27|1_27|2_27|2_26|2_29|2_20|4_0|0_20|5_27|4_25
RC7495036,6_27|1_27|2_27|2_26|2_29|2_20|5_27|4_25|0_20|1_26
RC7503220,6_27|1_27|2_17|2_27|0_28|2_29|2_26|4_14|5_27|4_0
RC7508901,6_27|1_27|0_28|2_27|2_17|2_26|2_29|5_27|2_20|0_20
RC7515106,6_27|1_27|2_17|0_28|2_27|2_26|2_29|2_20|1_26|4_25
RC7520527,6_27|1_27|0_28|2_27|4_0|2_29|5_27|2_20|4_14|1_26
RC7523607,6_27|1_27|0_28|2_17|2_29|2_26|5_27|2_20|4_14|1_26
RC7525667,6_27|1_27|0_28|2_17|2_20|2_29|2_26|5_27|4_0|0_20
RC7527083,6_27|1_27|0_28|2_27|2_17|2_26|2_29|5_27|2_20|4_0
RC7530873,6_27|1_27|2_27|2_17|2_26|2_29|4_25|4_14|1_26|0_20
RC7540521,6_27|1_27|2_27|2_20|4_0|2_26|2_29|4_25|1_26|4_26
RC7546494,6_27|1_27|2_17|0_28|4_0|2_27|2_20|2_26|2_29|5_27
RC7549270,6_27|1_27|0_28|2_27|2_26|2_17|4_0|2_29|2_20|0_20
RC7577385,1_27|2_17|0_28|2_27|5_27|1_26|4_25|0_20|4_26|6_17
RC7580125,6_27|1_27|0_28|2_27|2_17|2_26|2_29|2_20|4_0|4_25
RC7590729,6_27|1_27|0_28|2_17|2_29|2_20|2_26|5_27|1_26|5_22
RC7599483,6_27|1_27|0_28|2_27|2_17|2_26|2_29|4_0|5_27|4_14
RC7606962,6_27|1_27|0_28|2_27|2_17|4_0|2_29|5_27|4_14|0_20
RC7613502,6_27|1_27|0_28|2_17|2_27|4_0|2_26|2_29|5_27|2_20
RC7618261,6_27|1_27|0_28|2_27|2_26|2_29|4_25|1_26|4_26|6_17
RC7626265,6_27|1_27|0_28|4_0|2_26|5_27|0_20|2_20|1_26|4_25
RC7630922,6_27|1_27|0_28|2_26|4_0|2_29|5_27|4_14|1_26|4_25
RC7640166,6_27|1_27|0_28|4_0|2_29|5_27|2_20|1_26|5_22|5_7
RC7668489,6_27|1_27|0_28|2_27|2_29|4_0|5_27|0_20|1_26|2_20
RC7670408,6_27|1_27|2_17|0_28|2_26|2_29|5_27|2_20|1_26|0_20
RC7678084,1_27|2_17|0_28|2_27|2_20|5_27|4_25|1_26|4_14|6_17
RC7678102,6_27|1_27|0_28|2_27|2_29|2_26|5_27|1_26|5_22|7_24
RC7723201,6_27|1_27|2_17|0_28|2_27|4_0|2_20|2_29|5_27|4_14
RC7724690,6_27|1_27|0_28|2_17|2_29|5_27|4_0|1_26|0_20|4_25
RC7726700,6_27|1_27|2_17|0_28|2_27|2_26|2_29|2_20|4_0|4_14
RC7796196,6_27|1_27|0_28|2_17|2_27|2_26|2_29|5_27|4_25|1_26
RC7797701,6_27|1_27|0_28|2_27|2_29|5_27|4_0|1_26|4_14|6_17
RC7805571,6_27|1_27|0_28|2_27|2_26|2_29|5_27|4_25|4_0|1_26
RC7814678,6_27|1_27|0_28|2_27|2_26|2_29|2_17|5_27|4_25|0_20
RC7826318,6_27|1_27|0_28|2_27|2_26|2_29|5_27|4_0|4_14|2_20
RC7833396,6_27|1_27|2_27|4_0|2_26|2_20|2_29|5_27|0_20|4_25
RC7866786,6_27|1_27|2_17|0_28|4_0|2_27|2_20|2_26|2_29|5_27
RC7868182,1_27|0_28|4_0|2_26|5_27|4_14|1_26|6_17|5_7|5_22
RC7871807,6_27|2_27|2_17|2_26|4_0|2_29|4_14|0_20|5_27|4_25
RC7900467,6_27|1_27|0_28|2_27|2_17|2_29|2_26|4_0|5_27|2_20
RC7909428,6_27|1_27|0_28|2_27|2_26|2_29|5_27|4_14|1_26|4_25
RC7910948,6_27|1_27|2_17|0_28|2_27|4_0|2_29|2_26|5_27|4_14
RC7925758,6_27|1_27|0_28|2_29|2_26|2_20|5_27|4_0|0_20|1_26
RC7945208,6_27|1_27|0_28|2_27|2_29|2_26|2_17|4_0|5_27|2_20
RC7973194,6_27|0_28|2_27|2_26|2_29|2_20|4_0|4_25|1_26|4_26
RC8009951,6_27|1_27|0_28|2_27|2_29|2_20|5_27|4_0|1_26|0_20
RC8013458,6_27|1_27|0_28|2_17|2_29|5_27|4_0|2_20|4_14|1_26
RC8022757,6_27|1_27|0_28|2_29|2_26|5_27|1_26|4_26|4_27|5_22
RC8029056,6_27|1_27|0_28|2_27|2_17|2_20|2_26|5_27|1_26|0_20
RC8033716,6_27|1_27|0_28|2_27|2_26|2_29|5_27|4_0|2_20|4_25
RC8043672,6_27|2_17|2_27|4_0|2_26|2_29|5_27|4_25|0_20|6_17
RC8045733,6_27|1_27|0_28|4_0|2_29|5_27|2_20|0_20|1_26|4_25
RC8071631,6_27|1_27|2_17|0_28|4_0|2_29|2_26|5_27|0_20|1_26
RC8077042,6_27|1_27|0_28|2_27|2_17|4_0|2_29|2_20|5_27|2_26
RC8081051,6_27|1_27|0_28|2_27|2_17|4_0|2_26|2_29|5_27|0_20
RC8089669,6_27|1_27|0_28|4_0|2_27|2_17|2_29|4_14|5_27|0_20
RC8102934,6_27|1_27|2_17|0_28|2_27|2_26|2_29|2_20|4_0|4_14
RC8107916,6_27|1_27|0_28|2_27|4_0|2_17|2_26|2_29|2_20|5_27
RC8110784,1_27|0_28|2_27|4_0|5_27|2_29|0_20|1_26|4_25|2_20
RC8130814,6_27|1_27|2_17|0_28|2_27|4_0|2_26|2_20|2_29|5_27
RC8134336,6_27|1_27|0_28|2_27|5_27|2_20|0_20|1_26|4_25|4_14
RC8135012,6_27|1_27|0_28|2_17|2_27|2_26|2_29|5_27|2_20|4_0
RC8156174,6_27|2_17|2_27|2_20|2_26|2_29|4_25|1_26|0_20|4_26
RC8158347,6_27|1_27|0_28|2_26|2_29|2_20|5_27|4_0|1_26|4_25
RC8170000,6_27|1_27|0_28|2_17|2_27|4_0|4_14|5_27|1_26|4_25
RC8170300,6_27|1_27|0_28|2_17|2_27|2_20|2_29|5_27|4_0|2_26
RC8178205,6_27|1_27|2_27|2_17|2_26|4_0|2_29|2_20|5_27|4_14
RC8180660,6_27|1_27|2_17|0_28|2_27|2_26|2_29|2_20|5_27|4_25
RC8182034,6_27|1_27|0_28|2_17|2_26|2_29|5_27|2_20|4_0|1_26
RC8188520,6_27|1_27|0_28|2_17|2_20|2_29|4_0|5_27|1_26|0_20
RC8200260,6_27|1_27|0_28|2_17|2_27|4_0|2_29|2_20|5_27|2_26
RC8206854,6_27|1_27|2_17|0_28|2_27|4_0|2_26|2_29|2_20|5_27
RC8215818,6_27|1_27|0_28|2_27|2_26|2_29|2_20|5_27|0_20|1_26
RC8219000,6_27|1_27|2_17|0_28|2_27|2_26|2_29|2_20|5_27|4_0
RC8227425,6_27|1_27|2_27|2_17|2_20|2_26|4_0|4_14|2_29|4_25
RC8284682,6_27|1_27|0_28|2_27|2_17|2_29|2_26|5_27|1_26|0_20
RC8290856,6_27|1_27|0_28|2_29|2_26|5_27|0_20|4_14|1_26|4_25
RC8319168,1_27|0_28|2_17|2_26|5_27|2_29|4_0|1_26|0_20|4_25
RC8348356,6_27|1_27|2_17|0_28|2_27|2_26|2_29|2_20|5_27|0_20
RC8354116,1_27|0_28|4_0|2_20|2_29|5_27|4_25|1_26|6_17|4_26
RC8362912,6_27|1_27|0_28|4_0|2_29|5_27|0_20|1_26|4_25|6_17
RC8366741,6_27|1_27|0_28|2_27|2_17|2_26|4_0|2_29|5_27|1_26
RC8367583,6_27|1_27|0_28|2_17|2_27|2_29|2_26|4_0|2_20|5_27
RC8374232,6_27|2_17|2_27|0_28|2_20|2_26|2_29|4_25|4_14|1_26
RC8376187,6_27|1_27|0_28|2_17|4_0|2_27|2_29|5_27|4_14|0_20
RC8380598,6_27|1_27|2_17|0_28|2_27|2_29|2_20|5_27|4_14|1_26
RC8393879,6_27|0_28|2_27|2_20|2_29|2_26|4_0|5_27|0_20|4_25
RC8436134,6_27|1_27|0_28|2_17|2_27|2_26|2_29|2_20|5_27|4_0
RC8439878,1_27|2_17|0_28|2_27|4_0|5_27|0_20|1_26|5_22|5_7
RC8480289,6_27|1_27|0_28|2_27|2_17|2_26|2_20|2_29|4_14|4_0
RC8511734,6_27|1_27|0_28|2_27|4_0|2_26|2_29|5_27|0_20|4_25
RC8515273,6_27|1_27|2_17|0_28|2_29|5_27|2_20|0_20|4_25|1_26
RC8528757,6_27|1_27|0_28|2_27|2_17|2_20|2_29|5_27|1_26|4_0
RC8543669,6_27|1_27|0_28|2_27|2_17|2_29|5_27|4_0|1_26|4_25
RC8556215,6_27|1_27|2_17|0_28|2_27|4_0|2_26|2_20|2_29|4_14
RC8567474,6_27|1_27|0_28|2_27|2_17|4_0|2_29|5_27|1_26|4_25
RC8571759,6_27|1_27|0_28|2_17|2_27|2_29|5_27|2_20|1_26|4_25
RC8572105,6_27|2_27|2_17|2_26|2_29|4_0|4_25|0_20|4_14|5_27
RC8572139,6_27|1_27|2_27|0_28|2_26|2_29|4_0|4_25|0_20|4_14
RC8574302,6_27|2_27|0_28|2_26|2_29|2_20|4_25|0_20|4_14|4_26
RC8583770,6_27|1_27|0_28|2_27|2_17|2_29|4_0|2_26|5_27|2_20
RC8585858,6_27|1_27|0_28|2_27|2_26|2_20|2_29|5_27|4_25|1_26
RC8586117,6_27|1_27|0_28|2_27|2_26|4_0|5_27|2_20|1_26|0_20
RC8602601,6_27|1_27|2_17|4_0|2_20|0_28|2_27|2_26|0_20|2_29
RC8605514,6_27|1_27|0_28|2_27|4_0|2_17|0_20|2_29|5_27|2_20
RC8611464,6_27|1_27|0_28|2_17|2_27|2_26|2_20|2_29|5_27|4_0
RC8621024,6_27|1_27|0_28|2_27|2_17|2_29|4_0|5_27|2_20|0_20
RC8623408,6_27|1_27|0_28|2_27|2_17|2_29|5_27|4_0|2_20|1_26
RC8626852,6_27|1_27|0_28|2_29|5_27|1_26|4_0|4_25|0_20|6_17
RC8639347,6_27|1_27|0_28|2_17|4_0|2_20|2_29|2_26|5_27|0_20
RC8645517,6_27|1_27|0_28|2_27|2_17|2_29|2_26|5_27|1_26|2_20
RC8651144,6_27|1_27|0_28|2_27|2_26|2_29|5_27|4_14|4_25|1_26
RC8651539,6_27|1_27|0_28|2_27|2_17|2_20|2_26|2_29|5_27|1_26
RC8652122,6_27|1_27|2_17|0_28|2_27|2_26|2_20|2_29|5_27|1_26
RC8665956,6_27|1_27|2_17|0_28|2_27|2_20|5_27|4_14|1_26|6_17
RC8681325,6_27|1_27|0_28|2_17|2_29|5_27|4_0|1_26|4_25|5_22
RC8681905,6_27|1_27|0_28|2_17|2_20|2_29|4_0|2_26|4_14|5_27
RC8695658,6_27|1_27|2_17|2_27|4_0|2_26|2_29|2_20|0_20|4_25
RC8699354,6_27|1_27|0_28|2_27|2_17|2_26|2_29|5_27|2_20|4_14
RC8713421,6_27|1_27|0_28|2_27|2_26|2_29|4_0|5_27|1_26|4_25
RC8720623,6_27|1_27|0_28|2_17|2_27|2_26|2_29|4_0|5_27|4_14
RC8725702,6_27|1_27|2_17|0_28|2_27|2_26|2_29|5_27|4_0|1_26
RC8728120,6_27|1_27|2_17|0_28|2_27|2_26|2_29|5_27|4_25|4_14
RC8735227,6_27|1_27|0_28|2_17|2_27|2_20|2_26|5_27|0_20|4_14
RC8735460,6_27|1_27|0_28|2_20|2_29|5_27|1_26|4_25|6_8|4_27
RC8764252,6_27|1_27|0_28|2_27|2_17|2_20|2_26|4_0|2_29|5_27
RC8781169,6_27|1_27|0_28|4_0|2_27|2_29|2_26|5_27|2_20|1_26
RC8788436,6_27|1_27|2_17|2_27|2_26|2_29|4_0|4_14|2_20|4_25
RC8813009,6_27|1_27|0_28|2_27|4_0|2_17|2_26|2_29|2_20|5_27
RC8821562,6_27|1_27|0_28|2_27|2_26|4_0|2_29|5_27|4_25|0_20
RC8877433,6_27|1_27|0_28|2_27|4_0|2_29|2_26|5_27|2_20|4_25
RC8887032,6_27|1_27|0_28|2_27|2_29|5_27|4_0|1_26|4_14|6_17
RC8912469,6_27|1_27|2_17|0_28|2_27|2_20|2_26|2_29|5_27|1_26
RC8920642,6_27|0_28|2_27|2_17|2_26|2_29|4_0|4_25|5_27|4_14
RC8924488,1_27|2_17|0_28|2_27|4_0|2_20|2_29|5_27|4_14|1_26
RC8946699,6_27|1_27|2_27|2_17|4_0|2_26|2_29|4_25|4_14|5_27
RC8949085,6_27|1_27|0_28|2_27|2_17|4_0|2_26|2_29|2_20|5_27
RC8951547,6_27|1_27|0_28|2_29|2_20|5_27|4_14|1_26|4_25|0_20
RC8980095,6_27|1_27|2_27|2_17|2_26|2_29|2_20|5_27|4_0|4_25
RC8982737,6_27|1_27|0_28|2_27|2_26|2_20|2_29|4_0|5_27|4_14
RC9034613,6_27|1_27|0_28|2_27|4_0|2_26|2_29|5_27|2_20|0_20
RC9047125,6_27|1_27|0_28|2_27|2_17|2_26|2_29|5_27|1_26|4_25
RC9047599,6_27|1_27|2_17|0_28|2_27|2_26|2_20|2_29|4_0|4_25
RC9059078,6_27|1_27|0_28|2_27|2_29|5_27|2_20|4_0|0_20|1_26
RC9060823,6_27|1_27|0_28|2_27|2_17|4_0|2_20|2_26|2_29|5_27
RC9070660,6_27|1_27|0_28|2_27|2_17|2_29|5_27|4_0|0_20|1_26
RC9086520,6_27|0_28|2_27|2_17|2_26|4_0|2_29|2_20|5_27|4_14
RC9091859,6_27|1_27|0_28|2_27|2_26|2_17|2_29|2_20|4_14|4_25
RC9094302,1_27|2_17|0_28|2_27|5_27|4_0|2_29|2_26|1_26|6_8
RC9104779,6_27|1_27|0_28|2_27|2_20|2_29|5_27|0_20|1_26|4_26
RC9111612,6_27|1_27|2_17|0_28|4_0|2_29|2_20|5_27|1_26|4_25
RC9112625,6_27|1_27|0_28|2_27|2_26|2_29|5_27|0_20|2_17|1_26
RC9116998,6_27|1_27|0_28|2_27|2_17|4_0|2_26|2_29|5_27|2_20
RC9129132,6_27|1_27|0_28|2_27|2_17|2_26|2_29|2_20|5_27|4_0
RC9145228,6_27|1_27|0_28|2_27|2_17|2_26|2_29|5_27|4_14|0_20
RC9148094,6_27|1_27|0_28|2_17|2_27|2_26|2_29|5_27|4_25|1_26
RC9149557,1_27|0_28|2_17|2_27|2_26|4_0|5_27|2_29|6_17|1_26
RC9158669,6_27|1_27|0_28|2_17|4_0|2_29|5_27|0_20|4_14|1_26
RC9163287,6_27|1_27|0_28|2_27|2_17|2_29|2_26|2_20|4_0|5_27
RC9164563,1_27|0_28|2_17|4_0|2_29|5_27|2_26|2_20|1_26|5_7
RC9175573,6_27|1_27|2_27|2_17|2_26|2_29|2_20|5_27|4_25|4_26
RC9180183,6_27|1_27|0_28|2_17|2_26|2_29|5_27|4_14|4_25|1_26
RC9213881,6_27|1_27|0_28|2_27|2_17|2_26|2_29|2_20|5_27|4_25
RC9216629,6_27|1_27|0_28|2_17|2_27|2_26|2_29|5_27|4_25|1_26
RC9223101,6_27|1_27|0_28|2_29|2_26|5_27|2_20|4_0|0_20|1_26
RC9227765,6_27|1_27|0_28|2_17|4_0|2_27|2_20|2_26|0_20|2_29
RC9234708,6_27|1_27|0_28|2_17|2_27|4_0|2_26|2_29|2_20|5_27
RC9238617,6_27|1_27|2_17|0_28|2_27|2_26|2_29|2_20|5_27|4_0
RC9241385,6_27|1_27|0_28|2_27|4_0|2_29|2_26|5_27|4_14|2_17
RC9242014,6_27|1_27|2_17|0_28|2_27|4_0|2_26|2_29|2_20|4_14
RC9249114,6_27|1_27|0_28|2_27|2_17|2_26|2_29|4_0|4_25|5_27
RC9259868,1_27|0_28|2_27|2_20|5_27|4_25|1_26|4_27|6_8|0_5
RC9264629,6_27|1_27|0_28|2_27|2_17|2_26|2_29|2_20|5_27|0_20
RC9264778,6_27|1_27|2_27|2_20|0_28|2_29|2_17|4_0|2_26|4_25
RC9268443,6_27|1_27|0_28|2_27|2_26|2_29|4_0|5_27|4_25|1_26
RC9302995,6_27|1_27|0_28|2_27|2_26|0_20|2_29|2_20|5_27|4_0
RC9305698,6_27|1_27|2_17|2_27|4_0|2_26|2_29|2_20|4_25|4_14
RC9320426,6_27|1_27|0_28|2_27|4_0|2_29|5_27|1_26|4_26|5_7
RC9326057,6_27|1_27|0_28|2_17|2_27|4_0|2_26|5_27|0_20|1_26
RC9328214,6_27|1_27|0_28|2_27|2_17|2_26|2_29|5_27|0_20|2_20
RC9345065,6_27|1_27|2_17|0_28|2_26|2_29|5_27|1_26|4_25|4_26
RC9348936,6_27|1_27|2_17|0_28|2_27|2_26|4_0|2_29|5_27|1_26
RC9351734,6_27|1_27|2_17|0_28|2_27|2_29|4_0|2_26|5_27|4_14
RC9365798,6_27|1_27|0_28|2_17|2_27|2_29|5_27|1_26|2_20|4_25
RC9366986,6_27|1_27|0_28|2_17|4_0|2_29|5_27|0_20|4_14|1_26
RC9374452,6_27|1_27|0_28|2_27|4_0|2_26|2_29|5_27|4_14|1_26
RC9377701,6_27|2_17|0_28|2_27|4_0|2_20|2_26|2_29|5_27|4_14
RC9387430,6_27|1_27|0_28|2_17|2_29|5_27|2_20|4_0|1_26|4_25
RC9390421,6_27|1_27|0_28|2_27|4_0|2_26|5_27|0_20|1_26|6_17
RC9396809,6_27|1_27|0_28|2_27|2_26|2_29|2_20|0_20|4_25|4_14
RC9419947,6_27|1_27|0_28|2_27|2_29|2_20|5_27|4_0|2_26|1_26
RC9421065,6_27|1_27|0_28|2_17|2_27|2_29|2_26|5_27|2_20|1_26
RC9429344,6_27|1_27|0_28|2_27|2_26|2_29|5_27|4_14|1_26|6_17
RC9455633,6_27|1_27|0_28|2_27|2_17|2_20|2_26|4_0|2_29|5_27
RC9462943,6_27|1_27|0_28|2_27|2_26|2_20|5_27|0_20|1_26|4_25
RC9470830,6_27|1_27|0_28|2_17|2_27|2_26|2_29|5_27|4_0|1_26
RC9474375,6_27|1_27|0_28|2_27|2_20|2_26|2_29|5_27|4_14|1_26
RC9483169,6_27|1_27|2_17|0_28|2_27|2_20|5_27|1_26|4_25|4_26
RC9508705,6_27|1_27|0_28|2_27|2_17|2_29|4_0|5_27|2_20|0_20
RC9516005,6_27|1_27|2_27|2_17|4_0|2_26|2_29|5_27|4_25|1_26
RC9522798,6_27|1_27|0_28|2_27|5_27|4_0|4_14|1_26|4_25|0_20
RC9523470,6_27|1_27|2_17|0_28|2_27|2_26|2_29|2_20|5_27|4_14
RC9525551,6_27|1_27|2_17|0_28|2_27|2_26|2_29|4_0|5_27|4_14
RC9552493,1_27|2_17|0_28|2_27|2_20|4_14|2_26|4_0|5_27|2_29
RC9557980,6_27|1_27|0_28|2_27|2_17|2_20|2_29|5_27|2_26|4_0
RC9577052,6_27|1_27|0_28|2_29|5_27|2_26|0_20|2_17|4_14|1_26
RC9585488,6_27|1_27|2_17|0_28|2_27|2_20|2_29|0_20|2_26|4_0
RC9596225,6_27|1_27|2_17|0_28|4_0|2_29|0_20|5_27|1_26|4_14
RC9607338,6_27|1_27|2_17|0_28|2_27|2_20|4_0|2_26|2_29|5_27
RC9608564,6_27|1_27|2_17|0_28|2_27|2_26|2_29|2_20|5_27|4_25
RC9610631,6_27|1_27|2_17|0_28|4_0|2_27|2_29|2_26|5_27|2_20
RC9633489,6_27|1_27|2_17|0_28|2_27|4_0|2_26|2_29|0_20|4_25
RC9634648,6_27|1_27|2_17|0_28|2_27|4_0|2_29|5_27|4_14|1_26
RC9642431,6_27|2_27|0_28|2_20|2_26|2_29|4_14|5_27|0_20|4_25
RC9643390,6_27|1_27|0_28|2_27|2_17|4_0|2_26|2_29|2_20|5_27
RC9655532,1_27|0_28|5_27|4_14|4_0|1_26|0_20|4_25|5_22|6_17
RC9660726,6_27|1_27|0_28|2_29|2_20|5_27|0_20|1_26|4_0|6_17
RC9661327,6_27|1_27|0_28|2_17|2_27|2_29|2_26|5_27|4_14|1_26
RC9667584,6_27|1_27|0_28|2_17|2_27|2_26|2_29|2_20|5_27|0_20
RC9673274,6_27|1_27|0_28|2_17|2_27|4_0|2_20|2_29|5_27|4_25
RC9676602,6_27|1_27|0_28|4_0|2_27|2_29|5_27|2_26|1_26|4_25
RC9677816,6_27|1_27|2_17|0_28|2_27|4_0|2_26|2_29|2_20|5_27
RC9685509,6_27|1_27|0_28|2_27|2_17|2_26|2_20|2_29|5_27|4_0
RC9690593,6_27|1_27|0_28|2_17|2_20|2_26|4_0|5_27|4_14|1_26
RC9692178,6_27|1_27|0_28|2_17|2_27|2_26|2_20|4_0|5_27|4_14
RC9693185,6_27|1_27|0_28|2_27|2_26|2_29|5_27|0_20|4_25|1_26
RC9695134,6_27|1_27|2_27|2_26|2_17|2_29|5_27|0_20|4_25|1_26
RC9699766,6_27|1_27|0_28|2_27|2_29|5_27|0_20|2_17|1_26|4_14
RC9702133,6_27|1_27|2_27|0_28|2_17|4_0|2_26|2_29|2_20|4_14
RC9725727,1_27|0_28|2_26|2_29|5_27|0_20|4_14|1_26|4_26|4_27
RC9738969,6_27|2_17|4_0|2_27|0_28|2_26|2_29|4_25|4_14|6_8
RC9745183,6_27|1_27|2_27|0_28|2_17|2_26|2_29|4_0|4_14|4_25
RC9745220,6_27|1_27|0_28|2_17|2_29|5_27|4_0|2_26|2_20|4_14
RC9746572,6_27|1_27|0_28|2_27|2_26|2_29|4_0|5_27|4_25|1_26
RC9748293,6_27|1_27|2_17|0_28|2_27|4_0|2_20|5_27|0_20|4_14
RC9761899,6_27|1_27|0_28|2_17|2_20|2_29|4_0|2_26|5_27|4_14
RC9775182,6_27|1_27|0_28|2_27|2_17|2_26|2_29|5_27|2_20|4_25
RC9776015,6_27|1_27|0_28|2_20|2_26|2_29|5_27|4_25|0_20|1_26
RC9779863,6_27|0_28|2_27|2_17|2_26|2_29|4_14|4_0|5_27|4_25
RC9781987,6_27|1_27|2_27|0_28|2_17|4_0|2_26|2_29|2_20|4_25
RC9807908,6_27|1_27|2_17|2_27|0_28|2_26|2_29|2_20|4_25|0_20
RC9812722,6_27|1_27|0_28|2_27|2_17|2_29|2_26|5_27|4_0|1_26
RC9820837,6_27|1_27|0_28|2_17|2_27|2_20|4_0|2_26|2_29|5_27
RC9841751,6_27|0_28|2_27|4_0|2_20|2_26|2_29|4_25|1_26|4_26
RC9843728,6_27|1_27|0_28|2_27|2_17|2_20|2_26|2_29|4_14|1_26
RC9861187,6_27|1_27|0_28|2_17|2_27|4_0|2_29|2_26|5_27|1_26
RC9886130,6_27|1_27|2_17|0_28|2_27|2_26|2_29|4_0|4_25|0_20
RC9891569,6_27|0_28|2_27|2_17|2_20|2_26|2_29|4_0|4_25|1_26
RC9922837,6_27|1_27|2_17|2_27|4_0|2_26|2_20|2_29|0_20|5_27
RC9937248,6_27|1_27|2_17|0_28|2_27|2_20|2_26|2_29|5_27|4_25
RC9959125,1_27|0_28|2_17|2_27|2_26|4_0|2_29|5_27|2_20|4_25
RC9994655,6_27|1_27|0_28|2_27|2_26|2_29|4_0|5_27|2_20|4_14
